Fecha	Tarde/Noche	Centena	Fijo	1er Corrido	2do Corrido	
27-09-2026	T	2	02	92	75
26-09-2026	N	9	61	92	24
26-09-2026	T	6	29	69	20
25-09-2026	N	5	06	85	90
25-09-2026	T	5	28	66	28
24-09-2026	N	6	63	68	88
24-09-2026	T	6	59	18	02
23-09-2026	N	3	03	29	79
23-09-2026	T	5	70	02	58
22-09-2026	N	7	02	26	82
22-09-2026	T	9	64	28	55
21-09-2026	N	5	50	31	08
21-09-2026	T	9	58	14	61
20-09-2026	N	6	17	88	22
20-09-2026	T	9	25	77	19
19-09-2026	N	6	09	89	36
19-09-2026	T	8	33	93	31
18-09-2026	N	8	68	47	04
18-09-2026	T	4	66	14	72
17-09-2026	N	3	00	89	43
17-09-2026	T	8	22	99	91
16-09-2026	N	8	67	78	08
16-09-2026	T	7	19	99	95
15-09-2026	N	4	05	68	68
15-09-2026	T	7	02	07	85
14-09-2026	N	2	00	89	88
14-09-2026	T	7	53	22	17
13-09-2026	N	2	21	89	14
13-09-2026	T	5	38	45	80
12-09-2026	N	9	18	62	45
12-09-2026	T	2	79	66	07
11-09-2026	N	3	67	51	96
11-09-2026	T	3	81	61	45
10-09-2026	N	3	69	13	12
10-09-2026	T	0	89	25	52
09-09-2026	N	1	66	26	84
09-09-2026	T	7	40	91	82
08-09-2026	N	6	95	31	76
08-09-2026	T	3	65	38	19
07-09-2026	N	8	25	31	92
07-09-2026	T	2	39	37	18
06-09-2026	N	2	98	06	81
06-09-2026	T	1	19	61	32
05-09-2026	N	2	92	52	60
05-09-2026	T	9	11	99	34
04-09-2026	N	9	59	23	71
04-09-2026	T	3	09	94	15
03-09-2026	N	7	78	57	06
03-09-2026	T	3	66	18	83
02-09-2026	N	2	36	24	93
02-09-2026	T	3	40	10	95
01-09-2026	N	4	09	25	11
01-09-2026	T	6	30	97	69
31-08-2026	N	0	25	73	95
31-08-2026	T	4	03	36	89
30-08-2026	N	3	23	04	06
30-08-2026	T	6	44	48	63
29-08-2026	N	2	04	35	43
29-08-2026	T	3	71	85	83
28-08-2026	N	6	25	75	29
28-08-2026	T	4	93	21	60
27-08-2026	N	2	11	37	17
27-08-2026	T	0	28	83	60
26-08-2026	N	3	29	25	52
26-08-2026	T	5	39	83	75
25-08-2026	N	2	99	30	95
25-08-2026	T	7	55	55	82
24-08-2026	N	4	67	02	09
24-08-2026	T	6	28	98	06
23-08-2026	N	8	44	43	53
23-08-2026	T	7	60	28	63
22-08-2026	N	6	89	11	37
22-08-2026	T	3	79	05	02
21-08-2026	N	0	54	16	08
21-08-2026	T	9	50	92	68
20-08-2026	N	5	18	54	89
20-08-2026	T	4	52	76	54
19-08-2026	N	1	60	68	14
19-08-2026	T	6	70	85	24
18-08-2026	N	8	96	43	32
18-08-2026	T	3	44	92	08
17-08-2026	N	7	66	33	40
17-08-2026	T	0	22	30	67
16-08-2026	N	1	62	81	33
16-08-2026	T	4	74	49	14
15-08-2026	N	9	09	59	21
15-08-2026	T	1	82	13	66
14-08-2026	N	2	55	67	58
14-08-2026	T	9	02	53	93
13-08-2026	N	3	20	83	35
13-08-2026	T	6	64	03	84
12-08-2026	N	2	81	56	51
12-08-2026	T	4	64	85	58
11-08-2026	N	5	39	55	91
11-08-2026	T	2	75	75	05
10-08-2026	N	7	43	94	75
10-08-2026	T	7	64	50	97
09-08-2026	N	6	72	24	34
09-08-2026	T	5	31	99	91
08-08-2026	N	6	43	96	97
08-08-2026	T	1	57	27	21
07-08-2026	N	0	49	77	66
07-08-2026	T	3	64	80	05
06-08-2026	N	9	56	10	48
06-08-2026	T	8	69	29	94
05-08-2026	N	1	52	09	41
05-08-2026	T	7	76	39	07
04-08-2026	N	6	50	62	28
04-08-2026	T	5	82	18	16
03-08-2026	N	0	43	38	09
03-08-2026	T	4	64	46	96
02-08-2026	N	4	72	18	70
02-08-2026	T	4	44	85	86
01-08-2026	N	3	13	08	80
01-08-2026	T	5	92	68	71
31-07-2026	N	6	83	30	18
31-07-2026	T	8	83	03	34
30-07-2026	N	7	01	57	86
30-07-2026	T	5	93	41	75
29-07-2026	N	7	40	78	71
29-07-2026	T	4	87	61	28
28-07-2026	N	8	95	50	10
28-07-2026	T	2	40	32	94
27-07-2026	N	7	05	64	16
27-07-2026	T	3	97	00	41
26-07-2026	N	0	97	91	10
26-07-2026	T	9	09	98	23
25-07-2026	N	9	81	70	30
25-07-2026	T	3	17	17	84
24-07-2026	N	5	94	89	72
24-07-2026	T	4	46	31	59
23-07-2026	N	3	15	65	10
23-07-2026	T	8	97	65	52
22-07-2026	N	3	95	50	36
22-07-2026	T	1	08	49	34
21-07-2026	N	7	27	89	76
21-07-2026	T	8	28	52	54
20-07-2026	N	6	88	21	72
20-07-2026	T	2	05	46	41
19-07-2026	N	0	91	49	44
19-07-2026	T	9	85	09	69
18-07-2026	N	0	27	55	88
18-07-2026	T	4	30	28	25
17-07-2026	N	4	44	65	90
17-07-2026	T	0	80	43	88
16-07-2026	N	8	00	42	76
16-07-2026	T	5	41	61	14
15-07-2026	N	7	59	04	71
15-07-2026	T	5	55	23	96
14-07-2026	N	9	92	47	92
14-07-2026	T	0	46	38	55
13-07-2026	N	9	80	79	06
13-07-2026	T	7	93	16	50
12-07-2026	N	1	18	38	18
12-07-2026	T	4	90	68	23
11-07-2026	N	2	75	15	14
11-07-2026	T	7	13	87	50
10-07-2026	N	5	81	04	41
10-07-2026	T	7	53	22	42
09-07-2026	N	4	21	99	37
09-07-2026	T	3	78	55	57
08-07-2026	N	5	69	13	22
08-07-2026	T	5	59	02	50
07-07-2026	N	5	27	01	08
07-07-2026	T	7	59	73	39
06-07-2026	N	1	77	90	66
06-07-2026	T	7	56	97	92
05-07-2026	N	0	19	44	21
05-07-2026	T	4	90	86	87
04-07-2026	N	2	06	78	78
04-07-2026	T	6	72	32	51
03-07-2026	N	3	61	75	76
03-07-2026	T	4	60	89	38
02-07-2026	N	5	64	72	24
02-07-2026	T	2	08	81	91
01-07-2026	N	2	91	97	40
01-07-2026	T	6	27	05	91
30-06-2026	N	8	02	75	74
30-06-2026	T	3	66	64	04
29-06-2026	N	2	95	20	32
29-06-2026	T	7	03	96	67
28-06-2026	N	4	21	14	63
28-06-2026	T	5	48	89	03
27-06-2026	N	6	58	40	97
27-06-2026	T	9	78	37	89
26-06-2026	N	7	04	42	74
26-06-2026	T	2	87	34	90
25-06-2026	N	2	43	32	78
25-06-2026	T	3	78	79	16
24-06-2026	N	2	62	18	40
24-06-2026	T	2	61	37	40
23-06-2026	N	9	41	09	23
23-06-2026	T	3	37	91	62
22-06-2026	N	9	61	73	57
22-06-2026	T	1	82	19	70
21-06-2026	N	1	13	67	69
21-06-2026	T	3	35	42	49
20-06-2026	N	3	43	35	40
20-06-2026	T	3	82	16	08
19-06-2026	N	6	37	32	30
19-06-2026	T	3	56	67	85
18-06-2026	N	9	41	36	24
18-06-2026	T	3	16	93	85
17-06-2026	N	7	93	78	22
17-06-2026	T	8	19	61	07
16-06-2026	N	5	00	42	29
16-06-2026	T	3	89	09	81
15-06-2026	N	7	00	65	97
15-06-2026	T	5	81	30	40
14-06-2026	N	5	89	12	50
14-06-2026	T	3	58	07	76
13-06-2026	N	9	14	52	44
13-06-2026	T	7	76	67	29
12-06-2026	N	8	18	34	05
12-06-2026	T	0	02	27	08
11-06-2026	N	5	49	34	47
11-06-2026	T	4	98	61	60
10-06-2026	N	4	15	74	04
10-06-2026	T	9	32	80	34
09-06-2026	N	5	04	46	06
09-06-2026	T	9	77	41	01
08-06-2026	N	8	59	04	15
08-06-2026	T	1	05	31	60
07-06-2026	N	9	25	85	53
07-06-2026	T	6	41	06	90
06-06-2026	N	7	12	95	42
06-06-2026	T	7	10	87	08
05-06-2026	N	5	29	41	01
05-06-2026	T	7	97	25	47
04-06-2026	N	0	75	98	65
04-06-2026	T	3	14	81	41
03-06-2026	N	1	19	49	28
03-06-2026	T	8	79	23	50
02-06-2026	N	4	37	53	38
02-06-2026	T	7	17	10	76
01-06-2026	N	8	42	26	40
01-06-2026	T	0	45	86	92
31-05-2026	N	0	43	70	46
31-05-2026	T	5	20	01	17
30-05-2026	N	9	31	07	78
30-05-2026	T	7	49	16	25
29-05-2026	N	8	33	87	27
29-05-2026	T	1	77	57	23
28-05-2026	N	1	44	66	67
28-05-2026	T	9	92	17	45
27-05-2026	N	0	33	51	01
27-05-2026	T	8	32	22	50
26-05-2026	N	7	56	23	01
26-05-2026	T	1	72	03	72
25-05-2026	N	8	62	21	10
25-05-2026	T	2	62	70	78
24-05-2026	N	0	97	39	51
24-05-2026	T	5	16	78	10
23-05-2026	N	7	95	24	15
23-05-2026	T	2	36	23	78
22-05-2026	N	3	07	73	98
22-05-2026	T	2	28	85	38
21-05-2026	N	8	42	03	49
21-05-2026	T	0	32	96	95
20-05-2026	N	2	54	07	79
20-05-2026	T	8	57	68	51
19-05-2026	N	8	93	32	84
19-05-2026	T	2	28	98	58
18-05-2026	N	3	03	66	66
18-05-2026	T	4	06	87	36
17-05-2026	N	5	62	09	98
17-05-2026	T	7	38	75	65
16-05-2026	N	2	23	50	66
16-05-2026	T	1	46	83	81
15-05-2026	N	1	82	80	72
15-05-2026	T	6	00	43	08
14-05-2026	N	8	54	28	44
14-05-2026	T	3	24	69	67
13-05-2026	N	0	16	18	81
13-05-2026	T	9	89	05	12
12-05-2026	N	5	47	34	78
12-05-2026	T	9	49	22	50
11-05-2026	N	3	09	13	64
11-05-2026	T	5	71	65	33
10-05-2026	N	9	86	31	46
10-05-2026	T	3	21	78	49
09-05-2026	N	0	89	55	21
09-05-2026	T	7	15	05	78
08-05-2026	N	9	20	19	86
08-05-2026	T	8	71	73	46
07-05-2026	N	8	88	43	47
07-05-2026	T	6	05	20	34
06-05-2026	N	5	17	93	36
06-05-2026	T	3	72	25	60
05-05-2026	N	8	01	57	23
05-05-2026	T	3	88	22	36
04-05-2026	N	5	17	42	99
04-05-2026	T	9	23	41	03
03-05-2026	N	9	31	88	60
03-05-2026	T	1	34	02	26
02-05-2026	N	4	69	42	26
02-05-2026	T	5	36	17	06
01-05-2026	N	6	71	88	88
01-05-2026	T	7	70	48	44
30-04-2026	N	5	85	13	75
30-04-2026	T	8	35	39	71
29-04-2026	N	8	04	47	24
29-04-2026	T	3	87	03	79
28-04-2026	N	2	75	95	59
28-04-2026	T	9	05	58	94
27-04-2026	N	9	50	55	48
27-04-2026	T	9	05	01	74
26-04-2026	N	7	96	12	36
26-04-2026	T	9	95	38	16
25-04-2026	N	0	64	35	45
25-04-2026	T	0	06	80	00
24-04-2026	N	8	94	02	59
24-04-2026	T	3	09	28	02
23-04-2026	N	5	10	69	27
23-04-2026	T	8	61	31	15
22-04-2026	N	9	59	40	90
22-04-2026	T	7	76	97	62
21-04-2026	N	4	98	29	97
21-04-2026	T	4	17	67	62
20-04-2026	N	2	03	27	68
20-04-2026	T	7	72	78	33
19-04-2026	N	3	70	36	78
19-04-2026	T	2	91	97	80
18-04-2026	N	8	14	76	57
18-04-2026	T	6	60	78	26
17-04-2026	N	0	30	01	28
17-04-2026	T	1	56	88	72
16-04-2026	N	1	86	54	28
16-04-2026	T	3	73	18	36
15-04-2026	N	0	88	95	56
15-04-2026	T	2	93	57	58
14-04-2026	N	6	56	61	23
14-04-2026	T	5	12	18	43
13-04-2026	N	0	70	74	13
13-04-2026	T	6	65	90	25
12-04-2026	N	7	68	14	52
12-04-2026	T	5	79	43	71
11-04-2026	N	0	53	30	27
11-04-2026	T	9	36	26	89
10-04-2026	N	5	18	43	90
10-04-2026	T	8	06	67	12
09-04-2026	N	8	45	88	21
09-04-2026	T	9	83	55	57
08-04-2026	N	5	99	63	32
08-04-2026	T	0	99	21	83
07-04-2026	N	3	75	66	26
07-04-2026	T	5	22	87	25
06-04-2026	N	2	24	42	33
06-04-2026	T	9	93	58	03
05-04-2026	N	9	56	79	66
05-04-2026	T	7	07	12	31
04-04-2026	N	8	18	42	63
04-04-2026	T	8	31	00	20
03-04-2026	N	3	63	73	82
03-04-2026	T	7	15	50	43
02-04-2026	N	2	52	75	12
02-04-2026	T	8	21	87	37
01-04-2026	N	2	81	07	44
01-04-2026	T	7	26	57	87
31-03-2026	N	6	05	57	99
31-03-2026	T	5	78	86	68
30-03-2026	N	5	06	42	75
30-03-2026	T	6	65	12	75
29-03-2026	N	1	26	25	59
29-03-2026	T	3	62	34	75
28-03-2026	N	8	97	28	51
28-03-2026	T	1	70	80	88
27-03-2026	N	3	88	57	74
27-03-2026	T	6	56	60	50
26-03-2026	N	3	06	65	93
26-03-2026	T	3	10	01	85
25-03-2026	N	7	74	62	76
25-03-2026	T	8	83	27	21
24-03-2026	N	2	95	06	15
24-03-2026	T	6	75	95	21
23-03-2026	N	2	32	82	71
23-03-2026	T	1	96	75	59
22-03-2026	N	6	76	55	51
22-03-2026	T	9	85	56	93
21-03-2026	N	4	65	88	42
21-03-2026	T	4	66	23	05
20-03-2026	N	3	97	22	12
20-03-2026	T	0	33	17	33
19-03-2026	N	8	01	21	25
19-03-2026	T	7	52	98	60
18-03-2026	N	5	85	09	71
18-03-2026	T	9	78	91	09
17-03-2026	N	8	15	63	22
17-03-2026	T	0	36	32	92
16-03-2026	N	8	84	19	62
16-03-2026	T	3	90	03	65
15-03-2026	N	3	91	33	18
15-03-2026	T	5	95	96	01
14-03-2026	N	2	73	54	78
14-03-2026	T	2	70	97	62
13-03-2026	N	3	34	66	52
13-03-2026	T	4	50	19	43
12-03-2026	N	7	39	43	41
12-03-2026	T	7	08	01	63
11-03-2026	N	1	94	03	19
11-03-2026	T	7	00	69	28
10-03-2026	N	8	63	91	63
10-03-2026	T	5	58	77	18
09-03-2026	N	9	41	25	87
09-03-2026	T	3	83	28	76
08-03-2026	N	8	89	59	98
08-03-2026	T	2	11	46	53
07-03-2026	N	0	59	75	05
07-03-2026	T	2	12	88	42
06-03-2026	N	3	73	27	42
06-03-2026	T	0	62	05	22
05-03-2026	N	7	55	00	54
05-03-2026	T	5	41	18	31
04-03-2026	N	7	66	10	69
04-03-2026	T	2	53	84	66
03-03-2026	N	6	34	71	47
03-03-2026	T	6	55	67	58
02-03-2026	N	8	93	54	60
02-03-2026	T	9	43	10	47
01-03-2026	N	3	63	12	35
01-03-2026	T	8	96	97	22
28-02-2026	N	3	01	64	66
28-02-2026	T	3	90	69	41
27-02-2026	N	2	53	93	36
27-02-2026	T	4	20	66	54
26-02-2026	N	0	03	01	14
26-02-2026	T	2	14	63	95
25-02-2026	N	5	12	54	15
25-02-2026	T	1	87	12	20
24-02-2026	N	7	62	40	19
24-02-2026	T	3	21	02	09
23-02-2026	N	8	31	17	22
23-02-2026	T	0	07	13	47
22-02-2026	N	5	36	55	89
22-02-2026	T	6	69	67	23
21-02-2026	N	9	47	78	83
21-02-2026	T	9	15	00	47
20-02-2026	N	7	78	14	94
20-02-2026	T	3	86	55	90
19-02-2026	N	2	07	50	75
19-02-2026	T	5	38	60	31
18-02-2026	N	3	32	56	35
18-02-2026	T	7	16	88	21
17-02-2026	N	1	31	70	58
17-02-2026	T	7	07	89	27
16-02-2026	N	9	73	56	18
16-02-2026	T	5	33	59	78
15-02-2026	N	2	31	72	94
15-02-2026	T	9	26	01	69
14-02-2026	N	1	85	00	23
14-02-2026	T	7	20	95	27
13-02-2026	N	1	02	27	66
13-02-2026	T	7	84	43	58
12-02-2026	N	6	51	28	97
12-02-2026	T	6	22	17	92
11-02-2026	N	8	23	83	12
11-02-2026	T	4	68	88	21
10-02-2026	N	8	97	75	37
10-02-2026	T	1	22	54	28
09-02-2026	N	9	10	62	82
09-02-2026	T	1	90	32	91
08-02-2026	N	6	74	86	63
08-02-2026	T	9	08	37	29
07-02-2026	N	6	03	51	33
07-02-2026	T	9	02	12	19
06-02-2026	N	0	55	46	47
06-02-2026	T	2	84	18	60
05-02-2026	N	6	77	82	92
05-02-2026	T	8	54	41	25
04-02-2026	N	3	35	03	19
04-02-2026	T	3	40	38	17
03-02-2026	N	1	24	21	65
03-02-2026	T	8	52	28	56
02-02-2026	N	0	02	42	45
02-02-2026	T	1	75	10	99
01-02-2026	N	7	42	20	21
01-02-2026	T	9	33	60	03
31-01-2026	N	6	50	83	55
31-01-2026	T	1	85	02	86
30-01-2026	N	4	24	97	27
30-01-2026	T	5	64	44	46
29-01-2026	N	8	80	62	50
29-01-2026	T	4	35	46	63
28-01-2026	N	5	56	05	02
28-01-2026	T	7	87	09	51
27-01-2026	N	1	22	59	14
27-01-2026	T	1	05	46	31
26-01-2026	N	7	20	68	16
26-01-2026	T	4	60	12	83
25-01-2026	N	8	84	92	21
25-01-2026	T	3	84	98	46
24-01-2026	N	5	62	80	55
24-01-2026	T	6	61	26	39
23-01-2026	N	0	10	34	32
23-01-2026	T	8	03	66	33
22-01-2026	N	1	16	43	09
22-01-2026	T	0	93	44	98
21-01-2026	N	2	84	22	58
21-01-2026	T	3	50	08	01
20-01-2026	N	4	06	14	16
20-01-2026	T	7	43	10	38
19-01-2026	N	3	59	48	77
19-01-2026	T	8	63	34	32
18-01-2026	N	4	62	82	19
18-01-2026	T	9	11	91	69
17-01-2026	N	4	06	65	87
17-01-2026	T	5	14	03	75
16-01-2026	N	1	00	59	03
16-01-2026	T	2	73	68	25
15-01-2026	N	6	47	48	06
15-01-2026	T	4	04	02	20
14-01-2026	N	4	49	03	43
14-01-2026	T	9	16	42	23
13-01-2026	N	9	43	00	16
13-01-2026	T	8	90	97	27
12-01-2026	N	1	96	45	20
12-01-2026	T	4	60	80	86
11-01-2026	N	0	89	30	17
11-01-2026	T	5	22	57	82
10-01-2026	N	0	06	59	88
10-01-2026	T	3	01	19	79
09-01-2026	N	0	93	64	11
09-01-2026	T	8	60	89	63
08-01-2026	N	5	96	03	70
08-01-2026	T	4	29	25	14
07-01-2026	N	9	63	40	52
07-01-2026	T	4	34	70	65
06-01-2026	N	1	60	74	37
06-01-2026	T	2	09	78	89
05-01-2026	N	9	94	42	47
05-01-2026	T	0	80	85	41
04-01-2026	N	8	71	90	18
04-01-2026	T	1	71	94	55
03-01-2026	N	6	11	56	73
03-01-2026	T	7	08	94	31
02-01-2026	N	5	89	34	18
02-01-2026	T	8	62	55	59
01-01-2026	N	2	91	58	46
01-01-2026	T	1	95	11	35
31-12-2025	N	2	11	23	05
31-12-2025	T	4	07	65	71
30-12-2025	N	8	70	70	72
30-12-2025	T	3	77	22	37
29-12-2025	N	2	08	09	81
29-12-2025	T	5	22	90	81
28-12-2025	N	0	03	53	12
28-12-2025	T	9	09	53	11
27-12-2025	N	9	85	00	33
27-12-2025	T	4	52	00	01
26-12-2025	N	3	46	23	66
26-12-2025	T	9	45	01	37
25-12-2025	N	3	10	62	39
25-12-2025	T	4	25	90	22
24-12-2025	N	1	34	26	48
24-12-2025	T	1	46	76	08
23-12-2025	N	4	22	11	19
23-12-2025	T	0	74	69	27
22-12-2025	N	6	99	51	05
22-12-2025	T	9	48	71	89
21-12-2025	N	5	55	39	18
21-12-2025	T	6	58	45	69
20-12-2025	N	1	15	89	34
20-12-2025	T	2	31	69	76
19-12-2025	N	6	59	97	67
19-12-2025	T	4	22	01	17
18-12-2025	N	3	63	53	37
18-12-2025	T	3	36	92	51
17-12-2025	N	0	61	18	88
17-12-2025	T	3	52	31	30
16-12-2025	N	9	95	10	92
16-12-2025	T	3	17	99	68
15-12-2025	N	0	18	70	57
15-12-2025	T	7	74	88	99
14-12-2025	N	8	11	08	93
14-12-2025	T	7	17	66	53
13-12-2025	N	1	14	61	08
13-12-2025	T	2	21	06	70
12-12-2025	N	9	12	41	80
12-12-2025	T	6	63	53	57
11-12-2025	N	1	41	42	37
11-12-2025	T	2	52	82	13
10-12-2025	N	2	00	69	92
10-12-2025	T	0	58	37	93
09-12-2025	N	4	34	00	15
09-12-2025	T	5	83	37	20
08-12-2025	N	2	84	39	19
08-12-2025	T	0	56	58	76
07-12-2025	N	6	67	15	22
07-12-2025	T	7	96	57	70
06-12-2025	N	8	40	21	70
06-12-2025	T	4	13	71	49
05-12-2025	N	4	80	62	28
05-12-2025	T	0	55	63	34
04-12-2025	N	3	41	98	60
04-12-2025	T	6	21	32	86
03-12-2025	N	0	02	26	81
03-12-2025	T	7	34	13	56
02-12-2025	N	4	36	33	36
02-12-2025	T	3	02	57	72
01-12-2025	N	6	28	67	20
01-12-2025	T	0	88	28	05
30-11-2025	N	5	84	36	62
30-11-2025	T	8	24	88	10
29-11-2025	N	3	09	34	28
29-11-2025	T	0	64	89	06
28-11-2025	N	6	18	26	50
28-11-2025	T	4	07	51	99
27-11-2025	N	0	06	32	59
27-11-2025	T	4	09	15	35
26-11-2025	N	5	57	31	78
26-11-2025	T	8	03	66	72
25-11-2025	N	1	41	54	14
25-11-2025	T	9	78	04	45
24-11-2025	N	5	55	59	17
24-11-2025	T	9	65	06	57
23-11-2025	N	1	96	60	29
23-11-2025	T	1	20	86	24
22-11-2025	N	2	37	13	50
22-11-2025	T	5	28	37	76
21-11-2025	N	3	11	45	32
21-11-2025	T	6	72	51	12
20-11-2025	N	3	14	29	75
20-11-2025	T	2	85	73	26
19-11-2025	N	1	37	89	45
19-11-2025	T	3	07	09	83
18-11-2025	N	2	68	34	06
18-11-2025	T	0	13	53	02
17-11-2025	N	4	00	17	61
17-11-2025	T	1	37	90	73
16-11-2025	N	7	50	83	41
16-11-2025	T	2	86	04	31
15-11-2025	N	3	71	36	07
15-11-2025	T	4	83	99	28
14-11-2025	N	6	55	05	89
14-11-2025	T	7	67	20	33
13-11-2025	N	3	16	98	39
13-11-2025	T	6	10	36	90
12-11-2025	N	9	93	23	47
12-11-2025	T	8	57	80	55
11-11-2025	N	0	40	33	50
11-11-2025	T	6	60	36	26
10-11-2025	N	1	76	38	14
10-11-2025	T	3	66	11	23
09-11-2025	N	2	40	52	58
09-11-2025	T	4	90	75	01
08-11-2025	N	9	56	11	37
08-11-2025	T	2	86	39	60
07-11-2025	N	4	07	19	95
07-11-2025	T	4	58	65	98
06-11-2025	N	6	70	46	43
06-11-2025	T	5	48	64	76
05-11-2025	N	0	83	82	05
05-11-2025	T	9	86	61	37
04-11-2025	N	6	34	60	64
04-11-2025	T	7	89	75	21
03-11-2025	N	0	39	87	95
03-11-2025	T	3	81	57	60
02-11-2025	N	2	38	91	10
02-11-2025	T	8	34	33	69
01-11-2025	N	5	70	68	75
01-11-2025	T	3	26	40	04
31-10-2025	N	0	98	87	26
31-10-2025	T	2	11	86	96
30-10-2025	N	9	43	42	06
30-10-2025	T	9	24	15	76
29-10-2025	N	5	99	24	09
29-10-2025	T	6	65	30	88
28-10-2025	N	7	64	20	61
28-10-2025	T	3	33	65	06
27-10-2025	N	6	60	71	08
27-10-2025	T	6	21	77	49
26-10-2025	N	1	95	94	43
26-10-2025	T	0	02	71	93
25-10-2025	N	0	75	38	46
25-10-2025	T	3	75	65	11
24-10-2025	N	0	51	50	84
24-10-2025	T	4	99	00	07
23-10-2025	N	2	32	47	35
23-10-2025	T	6	47	32	25
22-10-2025	N	0	18	35	12
22-10-2025	T	9	74	41	00
21-10-2025	N	2	34	72	82
21-10-2025	T	1	86	27	89
20-10-2025	N	1	34	92	10
20-10-2025	T	9	84	59	75
19-10-2025	N	9	57	74	37
19-10-2025	T	7	64	20	80
18-10-2025	N	8	08	76	84
18-10-2025	T	4	58	06	57
17-10-2025	N	4	45	89	49
17-10-2025	T	8	19	05	66
16-10-2025	N	6	88	70	72
16-10-2025	T	4	00	82	87
15-10-2025	N	6	66	34	04
15-10-2025	T	8	13	24	39
14-10-2025	N	8	30	22	96
14-10-2025	T	5	89	24	26
13-10-2025	N	2	93	70	22
13-10-2025	T	3	23	68	77
12-10-2025	N	4	32	02	52
12-10-2025	T	1	89	64	53
11-10-2025	N	9	58	20	07
11-10-2025	T	8	44	12	47
10-10-2025	N	1	44	74	15
10-10-2025	T	4	89	14	57
09-10-2025	N	9	69	56	59
09-10-2025	T	1	61	53	09
08-10-2025	N	0	31	27	63
08-10-2025	T	2	35	04	49
07-10-2025	N	9	33	75	02
07-10-2025	T	6	73	35	41
06-10-2025	N	4	62	14	33
06-10-2025	T	8	56	61	19
05-10-2025	N	1	81	82	34
05-10-2025	T	4	99	51	75
04-10-2025	N	0	82	99	31
04-10-2025	T	1	89	04	51
03-10-2025	N	5	70	12	37
03-10-2025	T	0	82	99	78
02-10-2025	N	5	00	28	43
02-10-2025	T	5	70	08	22
01-10-2025	N	7	58	14	84
01-10-2025	T	9	12	49	11
30-09-2025	N	8	76	56	11
30-09-2025	T	3	22	90	98
29-09-2025	N	0	04	20	74
29-09-2025	T	6	33	95	98
28-09-2025	N	4	04	07	02
28-09-2025	T	7	53	55	96
27-09-2025	N	2	76	69	25
27-09-2025	T	0	36	27	47
26-09-2025	N	0	58	95	66
26-09-2025	T	6	30	15	10
25-09-2025	N	5	47	34	13
25-09-2025	T	3	09	53	80
24-09-2025	N	5	07	16	38
24-09-2025	T	2	78	74	66
23-09-2025	N	1	59	70	76
23-09-2025	T	8	67	16	78
22-09-2025	N	0	86	71	88
22-09-2025	T	6	96	97	13
21-09-2025	N	0	62	41	09
21-09-2025	T	9	79	47	50
20-09-2025	N	7	57	25	85
20-09-2025	T	1	91	99	94
19-09-2025	N	1	66	73	68
19-09-2025	T	0	21	57	53
18-09-2025	N	0	79	25	65
18-09-2025	T	3	47	84	50
17-09-2025	N	1	31	84	12
17-09-2025	T	6	59	22	92
16-09-2025	N	7	54	12	61
16-09-2025	T	8	09	61	93
15-09-2025	N	1	25	82	65
15-09-2025	T	1	24	83	34
14-09-2025	N	0	69	73	78
14-09-2025	T	4	75	78	52
13-09-2025	N	4	44	95	54
13-09-2025	T	3	59	56	12
12-09-2025	N	1	67	96	15
12-09-2025	T	5	23	12	45
11-09-2025	N	2	68	19	93
11-09-2025	T	2	56	26	94
10-09-2025	N	4	28	02	40
10-09-2025	T	5	61	44	03
09-09-2025	N	7	11	97	66
09-09-2025	T	2	13	30	38
08-09-2025	N	8	24	37	67
08-09-2025	T	8	81	49	21
07-09-2025	N	3	79	53	30
07-09-2025	T	6	98	51	84
06-09-2025	N	6	07	16	70
06-09-2025	T	9	39	59	86
05-09-2025	N	7	52	93	17
05-09-2025	T	9	43	13	56
04-09-2025	N	0	58	91	63
04-09-2025	T	4	72	81	10
03-09-2025	N	1	63	31	79
03-09-2025	T	0	12	52	28
02-09-2025	N	0	48	91	04
02-09-2025	T	4	22	69	58
01-09-2025	N	7	23	49	31
01-09-2025	T	6	69	30	92
31-08-2025	N	4	52	29	40
31-08-2025	T	0	25	85	28
30-08-2025	N	3	63	06	17
30-08-2025	T	4	98	20	69
29-08-2025	N	0	35	57	03
29-08-2025	T	7	36	86	48
28-08-2025	N	4	31	12	45
28-08-2025	T	2	88	53	28
27-08-2025	N	9	74	13	31
27-08-2025	T	0	56	00	91
26-08-2025	N	9	89	81	49
26-08-2025	T	0	70	25	54
25-08-2025	N	9	48	21	39
25-08-2025	T	9	16	35	60
24-08-2025	N	1	54	79	33
24-08-2025	T	7	50	40	75
23-08-2025	N	0	65	44	16
23-08-2025	T	3	03	00	39
22-08-2025	N	7	84	77	94
22-08-2025	T	8	12	15	67
21-08-2025	N	0	11	35	06
21-08-2025	T	7	48	91	73
20-08-2025	N	6	89	53	09
20-08-2025	T	0	06	44	82
19-08-2025	N	8	04	65	36
19-08-2025	T	4	85	07	38
18-08-2025	N	5	24	44	94
18-08-2025	T	0	39	58	85
17-08-2025	N	5	87	59	83
17-08-2025	T	9	96	25	92
16-08-2025	N	2	48	02	30
16-08-2025	T	2	00	95	44
15-08-2025	N	6	20	44	29
15-08-2025	T	4	72	87	87
14-08-2025	N	2	27	52	49
14-08-2025	T	3	48	13	18
13-08-2025	N	7	38	86	10
13-08-2025	T	7	90	39	16
12-08-2025	N	6	95	87	56
12-08-2025	T	0	55	52	74
11-08-2025	N	1	75	04	60
11-08-2025	T	8	10	36	81
10-08-2025	N	3	23	62	65
10-08-2025	T	4	41	22	68
09-08-2025	N	2	78	80	60
09-08-2025	T	3	46	02	64
08-08-2025	N	2	31	76	11
08-08-2025	T	5	36	23	07
07-08-2025	N	9	41	81	26
07-08-2025	T	2	90	14	14
06-08-2025	N	3	41	93	40
06-08-2025	T	9	62	69	19
05-08-2025	N	8	21	19	72
05-08-2025	T	5	83	54	11
04-08-2025	N	3	21	89	10
04-08-2025	T	0	29	23	66
03-08-2025	N	3	72	22	11
03-08-2025	T	3	94	34	55
02-08-2025	N	6	52	39	98
02-08-2025	T	7	10	87	95
01-08-2025	N	1	59	14	25
01-08-2025	T	3	17	62	69
31-07-2025	N	5	03	47	97
31-07-2025	T	8	93	54	14
30-07-2025	N	0	88	62	82
30-07-2025	T	6	23	25	91
29-07-2025	N	1	94	88	72
29-07-2025	T	8	61	49	37
28-07-2025	N	1	20	45	17
28-07-2025	T	7	14	14	21
27-07-2025	N	9	99	28	84
27-07-2025	T	9	81	78	09
26-07-2025	N	8	37	89	35
26-07-2025	T	6	47	54	58
25-07-2025	N	0	08	47	87
25-07-2025	T	7	31	87	73
24-07-2025	N	6	07	05	98
24-07-2025	T	3	42	40	39
23-07-2025	N	3	84	37	29
23-07-2025	T	1	36	24	36
22-07-2025	N	3	04	72	95
22-07-2025	T	3	01	41	46
21-07-2025	N	4	46	38	31
21-07-2025	T	1	98	90	90
20-07-2025	N	5	75	81	94
20-07-2025	T	2	55	03	97
19-07-2025	N	1	79	98	09
19-07-2025	T	7	83	15	08
18-07-2025	N	2	55	14	79
18-07-2025	T	8	37	92	55
17-07-2025	N	4	61	34	33
17-07-2025	T	5	43	95	67
16-07-2025	N	1	27	69	06
16-07-2025	T	4	35	05	71
15-07-2025	N	8	68	60	79
15-07-2025	T	5	86	39	25
14-07-2025	N	9	31	74	75
14-07-2025	T	2	30	32	91
13-07-2025	N	1	62	28	86
13-07-2025	T	9	32	24	38
12-07-2025	N	1	65	22	39
12-07-2025	T	4	28	10	18
11-07-2025	N	5	11	78	77
11-07-2025	T	1	87	39	58
10-07-2025	N	4	00	02	44
10-07-2025	T	9	27	93	77
09-07-2025	N	1	19	06	97
09-07-2025	T	9	29	85	34
08-07-2025	N	1	11	49	10
08-07-2025	T	6	40	20	13
07-07-2025	N	7	85	58	20
07-07-2025	T	9	64	40	12
06-07-2025	N	4	34	47	31
06-07-2025	T	7	87	12	92
05-07-2025	N	2	15	31	73
05-07-2025	T	0	85	93	00
04-07-2025	N	2	60	87	80
04-07-2025	T	6	20	27	52
03-07-2025	N	8	60	19	70
03-07-2025	T	5	14	31	75
02-07-2025	N	6	94	70	69
02-07-2025	T	7	08	77	76
01-07-2025	N	2	77	26	05
01-07-2025	T	2	58	46	37
30-06-2025	N	8	82	74	51
30-06-2025	T	4	65	14	89
29-06-2025	N	5	16	13	65
29-06-2025	T	0	65	31	72
28-06-2025	N	1	69	63	13
28-06-2025	T	8	94	71	29
27-06-2025	N	7	61	38	68
27-06-2025	T	6	98	01	78
26-06-2025	N	3	37	57	35
26-06-2025	T	1	00	81	66
25-06-2025	N	6	95	37	83
25-06-2025	T	3	10	43	05
24-06-2025	N	2	71	06	36
24-06-2025	T	7	33	99	84
23-06-2025	N	4	65	47	85
23-06-2025	T	6	65	77	14
22-06-2025	N	9	24	73	37
22-06-2025	T	3	30	92	58
21-06-2025	N	1	20	72	38
21-06-2025	T	9	27	71	02
20-06-2025	N	2	41	76	47
20-06-2025	T	4	33	92	40
19-06-2025	N	2	62	78	09
19-06-2025	T	2	55	80	93
18-06-2025	N	5	29	66	14
18-06-2025	T	5	01	28	99
17-06-2025	N	6	66	47	87
17-06-2025	T	5	72	83	64
16-06-2025	N	1	43	87	05
16-06-2025	T	8	97	82	22
15-06-2025	N	9	57	27	52
15-06-2025	T	6	44	94	54
14-06-2025	N	1	88	04	09
14-06-2025	T	7	28	03	20
13-06-2025	N	5	44	03	60
13-06-2025	T	4	49	50	45
12-06-2025	N	4	59	06	25
12-06-2025	T	1	51	86	93
11-06-2025	N	8	36	75	51
11-06-2025	T	8	05	58	82
10-06-2025	N	5	16	73	82
10-06-2025	T	8	26	12	15
09-06-2025	N	5	34	19	75
09-06-2025	T	5	72	04	66
08-06-2025	N	6	78	60	82
08-06-2025	T	2	83	46	93
07-06-2025	N	8	11	07	79
07-06-2025	T	2	55	21	64
06-06-2025	N	8	53	40	25
06-06-2025	T	5	89	64	51
05-06-2025	N	2	98	23	42
05-06-2025	T	9	53	21	39
04-06-2025	N	9	03	84	94
04-06-2025	T	7	52	07	20
03-06-2025	N	5	68	77	57
03-06-2025	T	5	90	58	24
02-06-2025	N	7	16	02	81
02-06-2025	T	0	26	37	42
01-06-2025	N	2	89	25	70
01-06-2025	T	0	31	36	28
31-05-2025	N	4	03	01	77
31-05-2025	T	6	02	62	44
30-05-2025	N	2	10	45	84
30-05-2025	T	6	55	02	06
29-05-2025	N	4	09	51	82
29-05-2025	T	4	83	97	85
28-05-2025	N	9	69	75	11
28-05-2025	T	9	25	97	07
27-05-2025	N	0	81	64	38
27-05-2025	T	1	95	74	97
26-05-2025	N	2	92	42	41
26-05-2025	T	6	73	06	66
25-05-2025	N	1	86	10	26
25-05-2025	T	4	84	63	98
24-05-2025	N	0	29	34	72
24-05-2025	T	4	05	36	00
23-05-2025	N	0	23	74	71
23-05-2025	T	5	79	22	57
22-05-2025	N	2	93	73	73
22-05-2025	T	3	60	68	38
21-05-2025	N	2	85	78	05
21-05-2025	T	7	73	45	72
20-05-2025	N	0	40	80	16
20-05-2025	T	8	63	81	37
19-05-2025	N	0	05	91	07
19-05-2025	T	0	06	33	08
18-05-2025	N	8	09	22	71
18-05-2025	T	2	74	14	04
17-05-2025	N	8	99	97	23
17-05-2025	T	7	78	73	29
16-05-2025	N	9	13	96	71
16-05-2025	T	4	06	51	97
15-05-2025	N	0	44	15	86
15-05-2025	T	9	09	41	80
14-05-2025	N	6	51	91	31
14-05-2025	T	5	48	86	66
13-05-2025	N	6	27	41	26
13-05-2025	T	3	38	41	37
12-05-2025	N	5	13	60	19
12-05-2025	T	8	55	74	04
11-05-2025	N	7	74	98	81
11-05-2025	T	4	41	38	99
10-05-2025	N	7	38	59	29
10-05-2025	T	6	33	08	20
09-05-2025	N	9	01	58	60
09-05-2025	T	3	02	80	59
08-05-2025	N	5	53	44	04
08-05-2025	T	1	61	11	32
07-05-2025	N	4	46	81	00
07-05-2025	T	8	03	68	57
06-05-2025	N	6	91	15	15
06-05-2025	T	9	42	99	76
05-05-2025	N	0	71	30	95
05-05-2025	T	2	59	92	30
04-05-2025	N	0	48	35	15
04-05-2025	T	6	84	45	11
03-05-2025	N	1	00	80	35
03-05-2025	T	5	48	99	66
02-05-2025	N	5	95	87	05
02-05-2025	T	7	53	44	65
01-05-2025	N	1	21	80	88
01-05-2025	T	2	56	95	44
30-04-2025	N	3	22	93	18
30-04-2025	T	3	11	71	15
29-04-2025	N	8	26	35	20
29-04-2025	T	4	43	09	53
28-04-2025	N	6	25	13	32
28-04-2025	T	3	21	42	85
27-04-2025	N	8	56	37	98
27-04-2025	T	0	78	31	92
26-04-2025	N	5	09	94	87
26-04-2025	T	5	37	21	98
25-04-2025	N	7	57	27	48
25-04-2025	T	2	14	10	10
24-04-2025	N	1	14	81	35
24-04-2025	T	3	24	67	43
23-04-2025	N	7	20	24	81
23-04-2025	T	8	03	82	94
22-04-2025	N	8	57	92	01
22-04-2025	T	4	21	88	52
21-04-2025	N	4	25	96	31
21-04-2025	T	0	99	97	69
20-04-2025	N	0	66	11	26
20-04-2025	T	1	57	95	25
19-04-2025	N	7	91	14	54
19-04-2025	T	6	38	28	84
18-04-2025	N	0	54	34	98
18-04-2025	T	4	67	45	90
17-04-2025	N	8	37	06	41
17-04-2025	T	9	38	37	98
16-04-2025	N	7	24	35	05
16-04-2025	T	2	54	11	15
15-04-2025	N	4	98	09	11
15-04-2025	T	5	53	16	40
14-04-2025	N	6	60	50	07
14-04-2025	T	6	01	26	72
13-04-2025	N	7	48	84	31
13-04-2025	T	6	05	45	04
12-04-2025	N	3	44	56	26
12-04-2025	T	3	27	58	80
11-04-2025	N	5	90	87	97
11-04-2025	T	5	10	95	63
10-04-2025	N	0	98	49	79
10-04-2025	T	2	65	15	61
09-04-2025	N	2	97	03	17
09-04-2025	T	6	51	49	34
08-04-2025	N	6	64	52	67
08-04-2025	T	6	25	91	22
07-04-2025	N	4	91	22	52
07-04-2025	T	2	35	80	35
06-04-2025	N	9	23	38	44
06-04-2025	T	7	90	38	77
05-04-2025	N	1	68	10	53
05-04-2025	T	4	78	90	94
04-04-2025	N	2	33	83	96
04-04-2025	T	6	27	76	04
03-04-2025	N	5	69	59	03
03-04-2025	T	5	29	30	16
02-04-2025	N	7	91	06	55
02-04-2025	T	5	66	33	25
01-04-2025	N	7	43	45	03
01-04-2025	T	4	94	95	54
31-03-2025	N	9	79	32	88
31-03-2025	T	4	97	85	98
30-03-2025	N	2	61	55	98
30-03-2025	T	8	67	40	67
29-03-2025	N	2	41	33	23
29-03-2025	T	9	02	64	71
28-03-2025	N	8	15	08	34
28-03-2025	T	0	75	21	87
27-03-2025	N	7	96	06	31
27-03-2025	T	9	15	65	58
26-03-2025	N	0	44	22	31
26-03-2025	T	9	65	39	58
25-03-2025	N	2	13	30	28
25-03-2025	T	9	78	54	22
24-03-2025	N	3	16	63	13
24-03-2025	T	0	52	61	14
23-03-2025	N	5	01	53	95
23-03-2025	T	4	78	27	89
22-03-2025	N	7	66	29	29
22-03-2025	T	6	89	14	46
21-03-2025	N	8	75	21	79
21-03-2025	T	3	13	83	82
20-03-2025	N	8	03	70	89
20-03-2025	T	6	81	34	89
19-03-2025	N	2	49	70	94
19-03-2025	T	6	45	69	77
18-03-2025	N	8	84	09	98
18-03-2025	T	8	79	18	74
17-03-2025	N	1	42	67	85
17-03-2025	T	7	32	68	24
16-03-2025	N	1	09	38	62
16-03-2025	T	1	43	66	02
15-03-2025	N	7	45	45	69
15-03-2025	T	7	56	85	32
14-03-2025	N	7	11	90	56
14-03-2025	T	7	89	71	35
13-03-2025	N	1	62	24	48
13-03-2025	T	0	93	05	44
12-03-2025	N	7	24	12	81
12-03-2025	T	6	59	00	60
11-03-2025	N	0	39	29	92
11-03-2025	T	5	73	73	14
10-03-2025	N	2	82	67	13
10-03-2025	T	5	71	28	42
09-03-2025	N	1	83	96	92
09-03-2025	T	2	73	98	46
08-03-2025	N	8	46	37	44
08-03-2025	T	9	22	00	24
07-03-2025	N	6	69	88	73
07-03-2025	T	4	18	24	37
06-03-2025	N	0	41	19	18
06-03-2025	T	1	13	90	38
05-03-2025	N	7	29	61	70
05-03-2025	T	2	11	54	08
04-03-2025	N	1	76	58	02
04-03-2025	T	9	64	62	69
03-03-2025	N	0	02	07	33
03-03-2025	T	1	90	80	71
02-03-2025	N	0	30	25	77
02-03-2025	T	6	90	23	82
01-03-2025	N	1	92	93	83
01-03-2025	T	5	24	53	11
28-02-2025	N	2	79	87	47
28-02-2025	T	9	05	44	75
27-02-2025	N	0	85	38	54
27-02-2025	T	3	95	81	91
26-02-2025	N	8	73	72	33
26-02-2025	T	8	81	75	60
25-02-2025	N	3	15	00	04
25-02-2025	T	8	23	74	52
24-02-2025	N	3	50	30	18
24-02-2025	T	8	39	03	90
23-02-2025	N	0	86	76	26
23-02-2025	T	1	84	39	04
22-02-2025	N	3	07	76	86
22-02-2025	T	2	02	43	77
21-02-2025	N	2	50	19	09
21-02-2025	T	7	66	13	74
20-02-2025	N	4	36	81	84
20-02-2025	T	3	85	50	98
19-02-2025	N	1	46	49	78
19-02-2025	T	8	14	67	10
18-02-2025	N	5	32	74	05
18-02-2025	T	8	15	57	43
17-02-2025	N	7	02	20	26
17-02-2025	T	3	13	49	07
16-02-2025	N	2	93	68	61
16-02-2025	T	2	97	03	17
15-02-2025	N	5	83	62	21
15-02-2025	T	3	44	34	20
14-02-2025	N	9	14	23	76
14-02-2025	T	3	54	20	84
13-02-2025	N	3	79	20	33
13-02-2025	T	8	24	93	73
12-02-2025	N	7	88	94	85
12-02-2025	T	0	35	76	15
11-02-2025	N	3	86	20	65
11-02-2025	T	0	35	70	25
10-02-2025	N	9	75	36	14
10-02-2025	T	6	10	64	34
09-02-2025	N	5	00	95	82
09-02-2025	T	3	56	44	96
08-02-2025	N	5	29	28	69
08-02-2025	T	5	72	96	56
07-02-2025	N	2	25	42	27
07-02-2025	T	7	60	57	56
06-02-2025	N	1	42	60	72
06-02-2025	T	7	79	21	79
05-02-2025	N	3	59	95	34
05-02-2025	T	7	36	70	43
04-02-2025	N	5	50	30	94
04-02-2025	T	3	01	49	50
03-02-2025	N	9	34	47	68
03-02-2025	T	7	22	71	22
02-02-2025	N	5	61	27	67
02-02-2025	T	5	10	87	03
01-02-2025	N	0	44	78	18
01-02-2025	T	5	13	11	34
31-01-2025	N	0	33	02	68
31-01-2025	T	2	98	00	44
30-01-2025	N	6	26	79	32
30-01-2025	T	8	30	64	84
29-01-2025	N	0	58	84	21
29-01-2025	T	3	87	80	95
28-01-2025	N	7	88	80	22
28-01-2025	T	1	75	43	96
27-01-2025	N	9	33	94	71
27-01-2025	T	4	44	69	38
26-01-2025	N	0	44	67	49
26-01-2025	T	5	38	94	14
25-01-2025	N	3	01	71	07
25-01-2025	T	4	04	53	56
24-01-2025	N	0	61	75	31
24-01-2025	T	1	25	00	10
23-01-2025	N	0	84	60	43
23-01-2025	T	5	15	80	31
22-01-2025	N	1	77	58	52
22-01-2025	T	6	08	52	41
21-01-2025	N	7	09	52	00
21-01-2025	T	1	86	50	62
20-01-2025	N	7	16	91	93
20-01-2025	T	5	93	07	15
19-01-2025	N	8	48	03	68
19-01-2025	T	9	34	01	11
18-01-2025	N	0	35	37	61
18-01-2025	T	7	81	28	10
17-01-2025	N	3	53	81	42
17-01-2025	T	8	03	58	15
16-01-2025	N	7	49	96	30
16-01-2025	T	1	32	05	13
15-01-2025	N	9	66	42	20
15-01-2025	T	2	85	53	17
14-01-2025	N	9	67	07	68
14-01-2025	T	1	32	97	26
13-01-2025	N	5	75	70	05
13-01-2025	T	5	99	89	74
12-01-2025	N	7	67	44	24
12-01-2025	T	5	65	54	16
11-01-2025	N	0	06	17	18
11-01-2025	T	2	54	86	10
10-01-2025	N	5	46	00	54
10-01-2025	T	1	28	46	03
09-01-2025	N	9	06	64	99
09-01-2025	T	0	98	82	92
08-01-2025	N	9	77	72	91
08-01-2025	T	3	44	38	09
07-01-2025	N	9	82	06	78
07-01-2025	T	5	53	87	20
06-01-2025	N	9	09	54	41
06-01-2025	T	9	72	30	04
05-01-2025	N	6	40	90	66
05-01-2025	T	8	86	84	94
04-01-2025	N	3	32	40	83
04-01-2025	T	7	77	83	12
03-01-2025	N	4	92	31	44
03-01-2025	T	0	07	05	14
02-01-2025	N	9	85	26	33
02-01-2025	T	2	34	89	84
01-01-2025	N	0	78	05	95
01-01-2025	T	3	21	85	70
31-12-2024	N	9	09	44	04
31-12-2024	T	9	19	96	06
30-12-2024	N	8	83	33	23
30-12-2024	T	0	89	42	58
29-12-2024	N	8	03	35	03
29-12-2024	T	6	38	36	32
28-12-2024	N	6	84	79	00
28-12-2024	T	3	75	83	45
27-12-2024	N	4	70	55	03
27-12-2024	T	2	39	38	38
26-12-2024	N	5	11	67	11
26-12-2024	T	6	68	62	21
25-12-2024	N	3	65	23	60
25-12-2024	T	6	27	10	00
24-12-2024	N	9	13	14	40
24-12-2024	T	5	00	05	92
23-12-2024	N	0	06	95	83
23-12-2024	T	2	73	23	20
22-12-2024	N	6	99	43	63
22-12-2024	T	7	75	16	92
21-12-2024	N	8	30	21	95
21-12-2024	T	4	74	82	38
20-12-2024	N	0	23	24	93
20-12-2024	T	4	38	40	34
19-12-2024	N	9	32	26	78
19-12-2024	T	2	68	01	13
18-12-2024	N	5	87	61	65
18-12-2024	T	6	00	20	48
17-12-2024	N	4	43	31	37
17-12-2024	T	7	90	58	08
16-12-2024	N	3	80	08	86
16-12-2024	T	9	93	61	68
15-12-2024	N	2	72	85	69
15-12-2024	T	7	97	83	45
14-12-2024	N	0	34	14	29
14-12-2024	T	9	47	62	63
13-12-2024	N	8	31	63	24
13-12-2024	T	5	43	88	39
12-12-2024	N	4	50	16	10
12-12-2024	T	0	99	96	21
11-12-2024	N	8	43	75	74
11-12-2024	T	3	21	79	23
10-12-2024	N	3	77	44	33
10-12-2024	T	0	65	82	58
09-12-2024	N	8	40	70	07
09-12-2024	T	9	80	94	21
08-12-2024	N	1	11	40	93
08-12-2024	T	9	30	46	17
07-12-2024	N	5	24	17	48
07-12-2024	T	8	69	10	68
06-12-2024	N	8	78	25	26
06-12-2024	T	7	80	58	44
05-12-2024	N	7	24	55	72
05-12-2024	T	4	40	38	86
04-12-2024	N	0	99	06	58
04-12-2024	T	7	06	65	23
03-12-2024	N	8	35	18	45
03-12-2024	T	7	53	67	71
02-12-2024	N	0	40	81	05
02-12-2024	T	1	35	63	63
01-12-2024	N	0	26	76	60
01-12-2024	T	7	18	42	85
30-11-2024	N	3	70	99	04
30-11-2024	T	0	94	06	28
29-11-2024	N	1	87	81	13
29-11-2024	T	0	28	27	98
28-11-2024	N	6	61	52	49
28-11-2024	T	5	18	59	60
27-11-2024	N	2	43	82	45
27-11-2024	T	3	12	57	31
26-11-2024	N	4	54	19	46
26-11-2024	T	1	23	87	14
25-11-2024	N	0	84	21	18
25-11-2024	T	9	15	50	40
24-11-2024	N	6	47	74	89
24-11-2024	T	1	15	70	25
23-11-2024	N	4	26	32	48
23-11-2024	T	1	75	12	66
22-11-2024	N	2	36	96	17
22-11-2024	T	5	33	76	82
21-11-2024	N	1	84	63	54
21-11-2024	T	5	66	66	92
20-11-2024	N	2	60	56	80
20-11-2024	T	8	21	27	84
19-11-2024	N	9	91	56	08
19-11-2024	T	7	99	97	94
18-11-2024	N	5	79	24	77
18-11-2024	T	7	15	28	57
17-11-2024	N	4	34	66	90
17-11-2024	T	5	09	17	24
16-11-2024	N	2	13	98	34
16-11-2024	T	5	98	88	09
15-11-2024	N	6	50	85	33
15-11-2024	T	6	67	78	62
14-11-2024	N	9	71	31	33
14-11-2024	T	1	00	88	91
13-11-2024	N	9	56	40	81
13-11-2024	T	5	95	15	59
12-11-2024	N	6	31	79	39
12-11-2024	T	0	50	60	31
11-11-2024	N	5	32	08	64
11-11-2024	T	7	05	37	30
10-11-2024	N	3	77	82	50
10-11-2024	T	5	65	10	84
09-11-2024	N	3	53	12	35
09-11-2024	T	0	43	57	44
08-11-2024	N	6	21	36	58
08-11-2024	T	5	04	95	46
07-11-2024	N	6	86	74	33
07-11-2024	T	7	63	61	16
06-11-2024	N	8	02	29	39
06-11-2024	T	2	84	42	45
05-11-2024	N	7	95	91	70
05-11-2024	T	1	82	46	22
04-11-2024	N	8	61	32	83
04-11-2024	T	0	29	70	65
03-11-2024	N	3	76	83	89
03-11-2024	T	6	91	69	60
02-11-2024	N	7	95	44	53
02-11-2024	T	2	91	87	51
01-11-2024	N	9	59	02	50
01-11-2024	T	0	45	30	10
31-10-2024	N	8	45	31	68
31-10-2024	T	0	14	46	80
30-10-2024	N	9	42	24	35
30-10-2024	T	2	15	66	42
29-10-2024	N	0	68	42	27
29-10-2024	T	0	12	89	92
28-10-2024	N	4	33	75	54
28-10-2024	T	1	80	98	84
27-10-2024	N	1	88	20	29
27-10-2024	T	3	32	13	82
26-10-2024	N	5	93	85	91
26-10-2024	T	0	99	35	51
25-10-2024	N	3	32	09	65
25-10-2024	T	6	84	34	96
24-10-2024	N	4	72	44	39
24-10-2024	T	6	93	35	96
23-10-2024	N	2	82	64	72
23-10-2024	T	5	51	84	45
22-10-2024	N	1	18	45	14
22-10-2024	T	5	27	77	47
21-10-2024	N	1	64	02	93
21-10-2024	T	4	15	20	73
20-10-2024	N	3	97	13	93
20-10-2024	T	3	12	54	47
19-10-2024	N	4	72	51	83
19-10-2024	T	2	17	93	94
18-10-2024	N	7	76	20	08
18-10-2024	T	9	91	10	28
17-10-2024	N	9	29	77	83
17-10-2024	T	3	31	10	28
16-10-2024	N	1	50	72	92
16-10-2024	T	6	41	05	19
15-10-2024	N	9	11	82	87
15-10-2024	T	8	81	88	66
14-10-2024	N	8	36	36	97
14-10-2024	T	3	50	38	60
13-10-2024	N	2	82	32	94
13-10-2024	T	0	19	57	35
12-10-2024	N	9	05	33	58
12-10-2024	T	4	91	16	23
11-10-2024	N	5	32	50	76
11-10-2024	T	0	93	29	50
10-10-2024	N	1	10	41	54
10-10-2024	T	3	16	01	19
09-10-2024	N	2	35	46	46
09-10-2024	T	7	30	07	62
08-10-2024	N	6	30	55	36
08-10-2024	T	9	89	48	85
07-10-2024	N	7	54	41	02
07-10-2024	T	5	01	06	21
06-10-2024	N	0	92	79	35
06-10-2024	T	7	67	80	17
05-10-2024	N	5	96	39	73
05-10-2024	T	4	44	92	10
04-10-2024	N	1	87	89	68
04-10-2024	T	2	32	58	35
03-10-2024	N	9	62	90	82
03-10-2024	T	4	45	03	29
02-10-2024	N	5	16	89	50
02-10-2024	T	5	97	26	60
01-10-2024	N	7	44	47	52
01-10-2024	T	8	17	14	40
30-09-2024	N	0	40	47	30
30-09-2024	T	9	97	10	60
29-09-2024	N	1	48	15	28
29-09-2024	T	3	58	38	67
28-09-2024	N	4	45	66	43
28-09-2024	T	4	45	15	18
27-09-2024	N	5	96	69	62
27-09-2024	T	4	85	01	69
26-09-2024	N	4	23	20	16
26-09-2024	T	7	68	45	55
25-09-2024	N	4	62	90	91
25-09-2024	T	9	02	18	82
24-09-2024	N	0	96	99	07
24-09-2024	T	0	07	62	79
23-09-2024	N	2	26	27	40
23-09-2024	T	8	24	51	90
22-09-2024	N	7	21	78	39
22-09-2024	T	6	61	18	53
21-09-2024	N	7	00	86	30
21-09-2024	T	0	88	37	73
20-09-2024	N	2	96	36	95
20-09-2024	T	2	52	48	16
19-09-2024	N	0	74	17	42
19-09-2024	T	0	40	79	95
18-09-2024	N	2	01	61	29
18-09-2024	T	0	42	01	34
17-09-2024	N	7	61	98	60
17-09-2024	T	7	92	61	26
16-09-2024	N	5	05	94	35
16-09-2024	T	6	89	97	63
15-09-2024	N	5	08	65	85
15-09-2024	T	3	75	99	31
14-09-2024	N	9	89	39	59
14-09-2024	T	7	54	05	68
13-09-2024	N	1	38	66	41
13-09-2024	T	5	22	76	30
12-09-2024	N	1	41	23	97
12-09-2024	T	5	43	30	52
11-09-2024	N	8	02	00	27
11-09-2024	T	6	47	37	60
10-09-2024	N	5	52	99	52
10-09-2024	T	3	21	59	63
09-09-2024	N	3	14	02	40
09-09-2024	T	3	47	92	85
08-09-2024	N	4	57	81	49
08-09-2024	T	3	67	25	04
07-09-2024	N	4	10	87	94
07-09-2024	T	5	28	62	82
06-09-2024	N	6	31	47	67
06-09-2024	T	7	93	91	89
05-09-2024	N	1	92	23	88
05-09-2024	T	0	50	38	75
04-09-2024	N	5	55	72	67
04-09-2024	T	2	10	80	39
03-09-2024	N	3	44	21	29
03-09-2024	T	2	62	26	95
02-09-2024	N	3	60	77	59
02-09-2024	T	8	29	13	86
01-09-2024	N	6	20	71	79
01-09-2024	T	5	79	19	14
31-08-2024	N	1	85	13	56
31-08-2024	T	1	39	49	85
30-08-2024	N	3	77	66	63
30-08-2024	T	1	51	34	29
29-08-2024	N	6	13	83	04
29-08-2024	T	6	04	76	95
28-08-2024	N	0	69	67	85
28-08-2024	T	4	62	24	08
27-08-2024	N	2	93	05	07
27-08-2024	T	5	22	23	65
26-08-2024	N	4	13	00	56
26-08-2024	T	1	29	33	59
25-08-2024	N	7	59	55	85
25-08-2024	T	2	08	47	05
24-08-2024	N	9	90	33	30
24-08-2024	T	1	28	35	24
23-08-2024	N	3	84	28	86
23-08-2024	T	8	70	42	07
22-08-2024	N	5	31	68	68
22-08-2024	T	9	41	82	59
21-08-2024	N	2	81	86	92
21-08-2024	T	1	47	51	81
20-08-2024	N	3	19	11	02
20-08-2024	T	5	11	05	97
19-08-2024	N	2	54	61	74
19-08-2024	T	4	42	52	20
18-08-2024	N	5	51	15	69
18-08-2024	T	0	18	69	08
17-08-2024	N	1	91	63	71
17-08-2024	T	9	47	39	69
16-08-2024	N	9	67	44	06
16-08-2024	T	3	45	34	70
15-08-2024	N	0	10	21	52
15-08-2024	T	4	18	34	55
14-08-2024	N	3	53	04	55
14-08-2024	T	6	48	66	38
13-08-2024	N	1	58	62	35
13-08-2024	T	7	90	31	19
12-08-2024	N	0	18	24	35
12-08-2024	T	9	37	58	81
11-08-2024	N	2	78	47	64
11-08-2024	T	9	95	10	20
10-08-2024	N	9	63	60	97
10-08-2024	T	8	95	97	11
09-08-2024	N	3	22	20	46
09-08-2024	T	0	73	00	01
08-08-2024	N	6	25	73	52
08-08-2024	T	0	55	37	58
07-08-2024	N	9	63	60	97
07-08-2024	T	4	21	68	05
06-08-2024	N	7	30	94	00
06-08-2024	T	3	42	06	07
05-08-2024	N	2	10	43	96
05-08-2024	T	1	03	55	61
04-08-2024	N	8	41	28	75
04-08-2024	T	7	12	70	08
03-08-2024	N	7	83	37	45
03-08-2024	T	1	47	62	63
02-08-2024	N	5	26	95	16
02-08-2024	T	9	74	86	33
01-08-2024	N	8	33	71	56
01-08-2024	T	7	03	71	26
31-07-2024	N	7	16	95	82
31-07-2024	T	0	14	63	26
30-07-2024	N	0	49	10	04
30-07-2024	T	4	47	42	78
29-07-2024	N	1	53	11	13
29-07-2024	T	4	05	94	90
28-07-2024	N	9	86	81	83
28-07-2024	T	2	92	86	13
27-07-2024	N	8	84	55	55
27-07-2024	T	0	96	70	92
26-07-2024	N	5	62	61	33
26-07-2024	T	8	16	25	85
25-07-2024	N	3	80	99	89
25-07-2024	T	4	00	44	73
24-07-2024	N	2	35	05	12
24-07-2024	T	3	85	97	33
23-07-2024	N	5	85	11	49
23-07-2024	T	5	36	64	75
22-07-2024	N	5	78	26	28
22-07-2024	T	0	32	46	93
21-07-2024	N	9	97	98	48
21-07-2024	T	4	83	64	15
20-07-2024	N	8	47	03	74
20-07-2024	T	7	70	68	06
19-07-2024	N	8	23	85	98
19-07-2024	T	9	73	77	79
18-07-2024	N	5	71	24	86
18-07-2024	T	3	29	67	52
17-07-2024	N	7	91	91	48
17-07-2024	T	6	64	03	71
16-07-2024	N	5	77	91	60
16-07-2024	T	9	69	65	08
15-07-2024	N	1	19	94	70
15-07-2024	T	5	37	48	92
14-07-2024	N	9	20	66	48
14-07-2024	T	3	60	10	02
13-07-2024	N	1	56	68	16
13-07-2024	T	3	43	79	54
12-07-2024	N	4	77	12	01
12-07-2024	T	2	22	74	93
11-07-2024	N	3	56	47	25
11-07-2024	T	8	86	61	61
10-07-2024	N	4	16	67	20
10-07-2024	T	9	21	73	99
09-07-2024	N	2	73	81	57
09-07-2024	T	1	68	72	96
08-07-2024	N	1	59	42	01
08-07-2024	T	8	85	64	31
07-07-2024	N	1	78	61	83
07-07-2024	T	0	63	56	86
06-07-2024	N	4	41	30	35
06-07-2024	T	7	76	53	88
05-07-2024	N	2	61	17	61
05-07-2024	T	4	57	31	09
04-07-2024	N	5	17	13	78
04-07-2024	T	4	03	62	16
03-07-2024	N	7	68	61	40
03-07-2024	T	2	02	57	01
02-07-2024	N	2	14	24	69
02-07-2024	T	7	87	84	57
01-07-2024	N	2	33	19	03
01-07-2024	T	4	26	19	33
30-06-2024	N	4	02	24	44
30-06-2024	T	5	80	86	21
29-06-2024	N	7	15	35	73
29-06-2024	T	5	20	90	95
28-06-2024	N	4	64	73	03
28-06-2024	T	1	34	89	46
27-06-2024	N	5	04	77	88
27-06-2024	T	6	80	10	87
26-06-2024	N	6	66	34	77
26-06-2024	T	9	24	14	90
25-06-2024	N	8	92	23	09
25-06-2024	T	8	15	25	82
24-06-2024	N	4	83	78	32
24-06-2024	T	4	44	96	57
23-06-2024	N	0	93	01	59
23-06-2024	T	2	55	33	85
22-06-2024	N	3	65	10	55
22-06-2024	T	9	31	79	70
21-06-2024	N	3	50	13	89
21-06-2024	T	8	26	88	17
20-06-2024	N	9	31	03	75
20-06-2024	T	6	48	76	25
19-06-2024	N	5	67	67	95
19-06-2024	T	5	71	49	00
18-06-2024	N	7	08	79	08
18-06-2024	T	5	41	70	36
17-06-2024	N	9	87	95	61
17-06-2024	T	8	13	23	60
16-06-2024	N	8	31	86	12
16-06-2024	T	9	62	47	43
15-06-2024	N	8	35	22	57
15-06-2024	T	4	19	79	63
14-06-2024	N	9	54	21	20
14-06-2024	T	9	95	56	60
13-06-2024	N	7	28	98	73
13-06-2024	T	6	44	14	82
12-06-2024	N	4	81	29	73
12-06-2024	T	2	71	10	26
11-06-2024	N	7	40	46	18
11-06-2024	T	9	22	81	67
10-06-2024	N	8	60	67	18
10-06-2024	T	7	36	35	65
09-06-2024	N	3	71	31	46
09-06-2024	T	6	79	81	86
08-06-2024	N	5	54	30	86
08-06-2024	T	0	12	31	03
07-06-2024	N	7	55	57	71
07-06-2024	T	3	24	07	61
06-06-2024	N	2	30	64	29
06-06-2024	T	3	83	83	66
05-06-2024	N	4	63	40	62
05-06-2024	T	6	00	43	59
04-06-2024	N	9	51	80	19
04-06-2024	T	1	98	52	53
03-06-2024	N	4	75	01	07
03-06-2024	T	2	75	14	03
02-06-2024	N	1	41	10	86
02-06-2024	T	8	83	14	20
01-06-2024	N	0	62	88	36
01-06-2024	T	0	56	73	88
31-05-2024	N	1	28	36	34
31-05-2024	T	7	83	23	60
30-05-2024	N	0	46	64	21
30-05-2024	T	4	43	23	25
29-05-2024	N	5	19	26	27
29-05-2024	T	6	22	96	10
28-05-2024	N	3	62	20	28
28-05-2024	T	3	13	53	35
27-05-2024	N	6	73	33	26
27-05-2024	T	0	81	74	78
26-05-2024	N	8	28	12	09
26-05-2024	T	0	39	45	28
25-05-2024	N	1	16	67	26
25-05-2024	T	8	52	20	68
24-05-2024	N	3	10	82	06
24-05-2024	T	0	93	16	28
23-05-2024	N	4	92	22	63
23-05-2024	T	0	85	62	29
22-05-2024	N	8	13	35	09
22-05-2024	T	5	53	89	43
21-05-2024	N	4	38	56	21
21-05-2024	T	8	01	48	27
20-05-2024	N	1	30	37	00
20-05-2024	T	7	79	32	71
19-05-2024	N	5	04	19	64
19-05-2024	T	2	10	70	36
18-05-2024	N	4	06	35	86
18-05-2024	T	3	25	28	27
17-05-2024	N	0	58	06	04
17-05-2024	T	4	22	21	92
16-05-2024	N	6	91	60	79
16-05-2024	T	3	14	06	18
15-05-2024	N	7	38	07	33
15-05-2024	T	4	93	56	53
14-05-2024	N	1	88	67	35
14-05-2024	T	4	58	97	49
13-05-2024	N	1	34	98	71
13-05-2024	T	2	74	09	67
12-05-2024	N	8	95	82	62
12-05-2024	T	2	03	39	82
11-05-2024	N	5	82	05	03
11-05-2024	T	1	32	65	01
10-05-2024	N	4	95	35	39
10-05-2024	T	3	15	16	64
09-05-2024	N	5	73	43	71
09-05-2024	T	2	07	84	46
08-05-2024	N	7	83	11	17
08-05-2024	T	7	60	28	07
07-05-2024	N	4	31	95	95
07-05-2024	T	5	35	13	62
06-05-2024	N	1	30	37	45
06-05-2024	T	8	55	21	07
05-05-2024	N	0	41	25	77
05-05-2024	T	7	19	03	56
04-05-2024	N	7	68	77	95
04-05-2024	T	8	31	37	29
03-05-2024	N	9	50	17	30
03-05-2024	T	0	78	25	56
02-05-2024	N	7	68	77	42
02-05-2024	T	8	01	31	25
01-05-2024	N	8	36	98	15
01-05-2024	T	5	99	44	39
30-04-2024	N	1	05	32	87
30-04-2024	T	2	06	81	51
29-04-2024	N	9	54	71	14
29-04-2024	T	5	33	21	41
28-04-2024	N	1	97	41	70
28-04-2024	T	4	34	87	55
27-04-2024	N	5	56	54	84
27-04-2024	T	8	57	61	74
26-04-2024	N	2	77	70	64
26-04-2024	T	3	81	23	11
25-04-2024	N	1	73	40	28
25-04-2024	T	8	39	55	10
24-04-2024	N	3	93	25	76
24-04-2024	T	4	01	79	58
23-04-2024	N	2	93	05	74
23-04-2024	T	9	12	01	20
22-04-2024	N	4	10	75	54
22-04-2024	T	3	11	42	51
21-04-2024	N	7	46	27	07
21-04-2024	T	7	36	50	58
20-04-2024	N	7	03	54	04
20-04-2024	T	6	80	73	66
19-04-2024	N	3	20	17	90
19-04-2024	T	5	70	21	89
18-04-2024	N	4	61	42	74
18-04-2024	T	2	33	07	01
17-04-2024	N	4	59	79	98
17-04-2024	T	5	97	49	06
16-04-2024	N	6	54	61	17
16-04-2024	T	4	11	85	22
15-04-2024	N	8	43	95	57
15-04-2024	T	6	00	18	65
14-04-2024	N	6	69	19	07
14-04-2024	T	7	01	25	00
13-04-2024	N	8	67	55	27
13-04-2024	T	3	73	37	55
12-04-2024	N	1	22	11	73
12-04-2024	T	9	51	42	95
11-04-2024	N	5	54	23	63
11-04-2024	T	5	25	49	33
10-04-2024	N	9	95	35	39
10-04-2024	T	7	84	49	30
09-04-2024	N	7	54	67	87
09-04-2024	T	1	35	18	15
08-04-2024	N	7	33	36	97
08-04-2024	T	6	43	69	18
07-04-2024	N	7	09	32	88
07-04-2024	T	7	44	69	12
06-04-2024	N	9	40	54	36
06-04-2024	T	8	79	26	27
05-04-2024	N	0	35	41	32
05-04-2024	T	0	86	23	23
04-04-2024	N	7	54	51	75
04-04-2024	T	4	05	05	09
03-04-2024	N	6	50	48	39
03-04-2024	T	9	70	36	90
02-04-2024	N	9	54	97	84
02-04-2024	T	7	36	81	62
01-04-2024	N	4	54	96	40
01-04-2024	T	3	57	31	10
31-03-2024	N	4	81	69	32
31-03-2024	T	9	88	79	76
30-03-2024	N	8	40	22	20
30-03-2024	T	5	39	72	92
29-03-2024	N	5	11	58	43
29-03-2024	T	8	50	94	11
28-03-2024	N	5	17	74	43
28-03-2024	T	4	08	11	87
27-03-2024	N	9	22	74	73
27-03-2024	T	3	80	20	18
26-03-2024	N	7	94	11	20
26-03-2024	T	7	06	29	97
25-03-2024	N	3	70	57	91
25-03-2024	T	3	65	69	84
24-03-2024	N	2	99	94	37
24-03-2024	T	1	34	56	82
23-03-2024	N	3	96	45	64
23-03-2024	T	0	13	17	84
22-03-2024	N	2	62	02	27
22-03-2024	T	2	01	71	18
21-03-2024	N	1	75	41	85
21-03-2024	T	9	81	07	89
20-03-2024	N	1	07	97	41
20-03-2024	T	9	00	39	81
19-03-2024	N	6	76	56	06
19-03-2024	T	9	29	22	14
18-03-2024	N	8	65	84	33
18-03-2024	T	6	72	68	33
17-03-2024	N	6	01	81	30
17-03-2024	T	6	15	68	51
16-03-2024	N	5	58	66	86
16-03-2024	T	2	06	98	93
15-03-2024	N	9	61	51	49
15-03-2024	T	0	52	63	05
14-03-2024	N	4	56	86	74
14-03-2024	T	1	61	50	28
13-03-2024	N	2	11	16	38
13-03-2024	T	4	24	52	57
12-03-2024	N	3	21	20	07
12-03-2024	T	7	82	74	19
11-03-2024	N	9	26	20	93
11-03-2024	T	2	60	61	06
10-03-2024	N	7	22	63	92
10-03-2024	T	5	83	24	15
09-03-2024	N	5	88	11	49
09-03-2024	T	5	18	72	49
08-03-2024	N	9	32	40	89
08-03-2024	T	9	42	11	16
07-03-2024	N	6	64	95	79
07-03-2024	T	9	25	75	20
06-03-2024	N	2	50	13	69
06-03-2024	T	2	20	88	86
05-03-2024	N	6	32	78	12
05-03-2024	T	0	79	91	22
04-03-2024	N	5	06	84	55
04-03-2024	T	6	54	09	80
03-03-2024	N	2	73	61	49
03-03-2024	T	6	82	98	50
02-03-2024	N	1	96	17	71
02-03-2024	T	9	18	24	04
01-03-2024	N	1	21	62	95
01-03-2024	T	6	70	68	29
29-02-2024	N	4	82	74	34
29-02-2024	T	8	61	48	50
28-02-2024	N	1	48	67	92
28-02-2024	T	3	57	69	99
27-02-2024	N	0	28	22	83
27-02-2024	T	5	30	36	17
26-02-2024	N	0	24	11	56
26-02-2024	T	7	67	72	12
25-02-2024	N	4	18	17	09
25-02-2024	T	9	62	24	42
24-02-2024	N	3	54	26	21
24-02-2024	T	0	13	32	49
23-02-2024	N	9	49	64	24
23-02-2024	T	7	86	71	15
22-02-2024	N	2	67	10	91
22-02-2024	T	2	11	29	19
21-02-2024	N	6	64	76	88
21-02-2024	T	6	19	41	26
20-02-2024	N	8	30	72	34
20-02-2024	T	4	20	86	68
19-02-2024	N	4	00	12	04
19-02-2024	T	6	85	94	23
18-02-2024	N	2	26	71	85
18-02-2024	T	5	23	40	32
17-02-2024	N	1	62	35	96
17-02-2024	T	6	72	36	73
16-02-2024	N	8	17	31	12
16-02-2024	T	7	63	23	50
15-02-2024	N	9	73	29	32
15-02-2024	T	2	87	69	29
14-02-2024	N	3	76	29	03
14-02-2024	T	0	86	77	29
13-02-2024	N	4	90	04	11
13-02-2024	T	6	68	03	19
12-02-2024	N	7	69	92	06
12-02-2024	T	8	20	66	34
11-02-2024	N	5	12	20	07
11-02-2024	T	9	23	94	04
10-02-2024	N	5	85	87	90
10-02-2024	T	0	62	83	76
09-02-2024	N	7	50	38	10
09-02-2024	T	7	90	25	95
08-02-2024	N	5	97	49	18
08-02-2024	T	0	83	47	83
07-02-2024	N	3	11	02	97
07-02-2024	T	9	86	38	40
06-02-2024	N	7	25	35	71
06-02-2024	T	6	17	89	90
05-02-2024	N	7	43	40	53
05-02-2024	T	2	79	75	20
04-02-2024	N	9	93	37	30
04-02-2024	T	0	21	61	39
03-02-2024	N	7	27	30	96
03-02-2024	T	8	78	87	81
02-02-2024	N	4	66	92	47
02-02-2024	T	2	95	99	04
01-02-2024	N	7	87	34	82
01-02-2024	T	2	69	29	24
31-01-2024	N	3	39	13	37
31-01-2024	T	3	13	37	86
30-01-2024	N	7	41	60	74
30-01-2024	T	8	74	24	08
29-01-2024	N	6	48	22	54
29-01-2024	T	9	78	97	54
28-01-2024	N	8	20	65	73
28-01-2024	T	5	07	09	44
27-01-2024	N	5	92	38	11
27-01-2024	T	9	35	75	03
26-01-2024	N	3	58	56	14
26-01-2024	T	0	93	25	69
25-01-2024	N	2	78	84	72
25-01-2024	T	2	02	61	33
24-01-2024	N	6	95	74	51
24-01-2024	T	1	88	58	70
23-01-2024	N	5	87	73	62
23-01-2024	T	1	99	66	87
22-01-2024	N	4	18	50	27
22-01-2024	T	9	42	60	96
21-01-2024	N	5	40	65	19
21-01-2024	T	8	28	92	98
20-01-2024	N	4	24	44	17
20-01-2024	T	3	72	51	84
19-01-2024	N	6	43	31	53
19-01-2024	T	5	26	24	36
18-01-2024	N	9	97	83	91
18-01-2024	T	4	70	67	59
17-01-2024	N	6	58	05	18
17-01-2024	T	4	99	65	31
16-01-2024	N	5	51	51	10
16-01-2024	T	5	14	85	69
15-01-2024	N	8	11	97	37
15-01-2024	T	8	77	14	74
14-01-2024	N	5	76	75	99
14-01-2024	T	2	87	95	17
13-01-2024	N	6	03	58	96
13-01-2024	T	1	36	58	74
12-01-2024	N	4	80	00	31
12-01-2024	T	5	49	10	95
11-01-2024	N	9	31	47	39
11-01-2024	T	8	21	76	22
10-01-2024	N	4	06	83	22
10-01-2024	T	2	69	05	15
09-01-2024	N	6	66	95	00
09-01-2024	T	8	76	70	71
08-01-2024	N	1	92	71	61
08-01-2024	T	2	01	80	62
07-01-2024	N	6	54	32	36
07-01-2024	T	7	72	82	64
06-01-2024	N	9	36	39	68
06-01-2024	T	0	85	46	49
05-01-2024	N	1	99	97	10
05-01-2024	T	1	53	73	11
04-01-2024	N	3	66	96	83
04-01-2024	T	8	23	87	18
03-01-2024	N	9	85	72	71
03-01-2024	T	8	63	94	22
02-01-2024	N	6	84	23	01
02-01-2024	T	5	56	50	86
01-01-2024	N	3	38	97	55
01-01-2024	T	2	91	92	22
31-12-2023	N	7	02	27	76
31-12-2023	T	3	36	22	89
30-12-2023	N	0	16	29	39
30-12-2023	T	1	23	02	83
29-12-2023	N	8	61	26	02
29-12-2023	T	4	51	92	21
28-12-2023	N	9	04	29	25
28-12-2023	T	3	28	11	00
27-12-2023	N	5	71	76	08
27-12-2023	T	1	79	66	71
26-12-2023	N	0	10	18	01
26-12-2023	T	4	55	79	55
25-12-2023	N	7	44	48	47
25-12-2023	T	5	70	56	24
24-12-2023	N	1	99	12	18
24-12-2023	T	9	64	01	26
23-12-2023	N	8	05	50	55
23-12-2023	T	0	91	54	62
22-12-2023	N	4	87	97	60
22-12-2023	T	6	89	23	61
21-12-2023	N	1	67	72	23
21-12-2023	T	0	20	09	63
20-12-2023	N	9	76	72	82
20-12-2023	T	5	02	62	51
19-12-2023	N	1	22	21	89
19-12-2023	T	0	29	23	34
18-12-2023	N	7	67	22	06
18-12-2023	T	5	91	32	48
17-12-2023	N	9	96	44	50
17-12-2023	T	7	96	82	71
16-12-2023	N	1	79	32	92
16-12-2023	T	6	99	21	35
15-12-2023	N	6	11	16	89
15-12-2023	T	7	27	76	53
14-12-2023	N	4	61	24	18
14-12-2023	T	9	55	27	69
13-12-2023	N	3	90	50	92
13-12-2023	T	3	54	25	26
12-12-2023	N	9	25	48	53
12-12-2023	T	0	20	37	45
11-12-2023	N	0	08	71	33
11-12-2023	T	6	74	26	32
10-12-2023	N	3	69	39	61
10-12-2023	T	6	19	02	98
09-12-2023	N	7	35	65	94
09-12-2023	T	4	80	48	57
08-12-2023	N	5	65	45	53
08-12-2023	T	8	10	99	29
07-12-2023	N	0	68	55	34
07-12-2023	T	9	72	37	74
06-12-2023	N	3	25	94	07
06-12-2023	T	3	19	12	83
05-12-2023	N	0	81	44	83
05-12-2023	T	3	78	86	72
04-12-2023	N	5	03	05	74
04-12-2023	T	8	46	18	01
03-12-2023	N	4	91	48	82
03-12-2023	T	7	38	65	27
02-12-2023	N	9	68	36	36
02-12-2023	T	5	35	47	07
01-12-2023	N	9	74	22	12
01-12-2023	T	5	28	54	89
30-11-2023	N	3	36	10	91
30-11-2023	T	9	83	05	06
29-11-2023	N	2	19	90	58
29-11-2023	T	0	42	25	09
28-11-2023	N	0	83	14	52
28-11-2023	T	6	91	19	03
27-11-2023	N	1	66	44	58
27-11-2023	T	7	17	20	87
26-11-2023	N	8	28	23	96
26-11-2023	T	5	11	30	12
25-11-2023	N	9	53	44	90
25-11-2023	T	8	42	00	18
24-11-2023	N	3	51	90	05
24-11-2023	T	0	78	38	37
23-11-2023	N	3	37	63	29
23-11-2023	T	4	93	43	77
22-11-2023	N	8	33	26	80
22-11-2023	T	1	28	36	53
21-11-2023	N	0	09	08	56
21-11-2023	T	5	82	69	80
20-11-2023	N	8	56	15	07
20-11-2023	T	4	57	40	75
19-11-2023	N	2	19	93	13
19-11-2023	T	3	45	38	01
18-11-2023	N	4	37	74	93
18-11-2023	T	8	25	98	14
17-11-2023	N	3	91	96	12
17-11-2023	T	2	86	97	20
16-11-2023	N	4	94	29	33
16-11-2023	T	6	70	34	13
15-11-2023	N	0	80	41	05
15-11-2023	T	8	52	62	80
14-11-2023	N	7	91	65	58
14-11-2023	T	2	72	55	08
13-11-2023	N	7	99	46	74
13-11-2023	T	3	38	22	00
12-11-2023	N	0	87	85	83
12-11-2023	T	2	58	64	06
11-11-2023	N	4	48	96	69
11-11-2023	T	3	68	95	48
10-11-2023	N	8	06	22	60
10-11-2023	T	9	99	94	80
09-11-2023	N	3	21	86	78
09-11-2023	T	9	72	98	21
08-11-2023	N	8	43	78	88
08-11-2023	T	7	21	68	49
07-11-2023	N	8	65	14	18
07-11-2023	T	5	88	98	87
06-11-2023	N	4	60	33	37
06-11-2023	T	5	18	45	24
05-11-2023	N	0	95	26	86
05-11-2023	T	1	20	56	06
04-11-2023	N	2	88	78	68
04-11-2023	T	9	04	11	58
03-11-2023	N	4	95	70	78
03-11-2023	T	9	50	57	84
02-11-2023	N	5	10	75	49
02-11-2023	T	3	60	59	17
01-11-2023	N	1	48	67	89
01-11-2023	T	5	01	10	00
31-10-2023	N	3	72	36	93
31-10-2023	T	1	17	45	59
30-10-2023	N	3	92	09	12
30-10-2023	T	2	83	95	51
29-10-2023	N	6	38	45	54
29-10-2023	T	1	68	89	20
28-10-2023	N	9	80	09	06
28-10-2023	T	2	38	61	55
27-10-2023	N	6	93	19	83
27-10-2023	T	6	58	66	48
26-10-2023	N	9	78	84	25
26-10-2023	T	5	96	26	41
25-10-2023	N	9	42	63	80
25-10-2023	T	7	19	18	49
24-10-2023	N	7	81	12	94
24-10-2023	T	7	26	57	23
23-10-2023	N	5	06	84	28
23-10-2023	T	8	58	56	25
22-10-2023	N	0	44	01	42
22-10-2023	T	3	07	16	33
21-10-2023	N	1	69	03	34
21-10-2023	T	8	05	83	27
20-10-2023	N	5	67	80	32
20-10-2023	T	6	33	68	08
19-10-2023	N	4	41	19	29
19-10-2023	T	6	87	99	57
18-10-2023	N	4	60	40	45
18-10-2023	T	8	30	95	79
17-10-2023	N	2	85	81	19
17-10-2023	T	7	31	12	47
16-10-2023	N	4	65	81	70
16-10-2023	T	1	49	34	22
15-10-2023	N	8	25	13	60
15-10-2023	T	7	41	21	30
14-10-2023	N	0	39	12	17
14-10-2023	T	8	49	94	00
13-10-2023	N	1	77	70	26
13-10-2023	T	2	28	85	24
12-10-2023	N	5	20	38	92
12-10-2023	T	5	90	68	51
11-10-2023	N	8	49	54	67
11-10-2023	T	1	45	83	90
10-10-2023	N	8	04	84	24
10-10-2023	T	8	09	56	65
09-10-2023	N	7	70	58	74
09-10-2023	T	0	49	87	01
08-10-2023	N	4	68	09	94
08-10-2023	T	6	58	08	20
07-10-2023	N	7	32	53	43
07-10-2023	T	7	65	10	55
06-10-2023	N	5	04	96	56
06-10-2023	T	1	53	96	37
05-10-2023	N	3	96	06	95
05-10-2023	T	7	00	55	95
04-10-2023	N	8	16	10	67
04-10-2023	T	8	42	29	62
03-10-2023	N	7	16	58	26
03-10-2023	T	8	94	09	08
02-10-2023	N	3	28	49	74
02-10-2023	T	1	23	71	85
01-10-2023	N	3	35	75	42
01-10-2023	T	7	85	16	00
30-09-2023	N	0	73	92	49
30-09-2023	T	8	96	31	92
29-09-2023	N	7	26	84	92
29-09-2023	T	8	21	54	50
28-09-2023	N	0	26	63	19
28-09-2023	T	3	55	12	90
27-09-2023	N	8	07	47	29
27-09-2023	T	7	73	49	72
26-09-2023	N	9	96	01	43
26-09-2023	T	1	97	39	19
25-09-2023	N	6	58	51	37
25-09-2023	T	0	15	32	87
24-09-2023	N	8	15	98	23
24-09-2023	T	2	75	83	06
23-09-2023	N	4	10	35	49
23-09-2023	T	4	51	09	88
22-09-2023	N	8	57	07	39
22-09-2023	T	3	48	83	02
21-09-2023	N	8	40	42	29
21-09-2023	T	7	51	53	66
20-09-2023	N	6	12	41	57
20-09-2023	T	4	79	47	33
19-09-2023	N	0	15	13	38
19-09-2023	T	7	56	57	37
18-09-2023	N	5	32	13	43
18-09-2023	T	7	16	35	77
17-09-2023	N	4	04	48	95
17-09-2023	T	6	31	09	43
16-09-2023	N	1	82	15	15
16-09-2023	T	6	05	96	37
15-09-2023	N	9	70	12	26
15-09-2023	T	0	36	07	65
14-09-2023	N	5	04	46	80
14-09-2023	T	0	37	88	67
13-09-2023	N	7	60	19	71
13-09-2023	T	4	64	27	22
12-09-2023	N	4	34	33	94
12-09-2023	T	8	25	99	32
11-09-2023	N	4	52	23	69
11-09-2023	T	6	74	27	61
10-09-2023	N	4	51	11	79
10-09-2023	T	5	31	57	83
09-09-2023	N	8	61	45	15
09-09-2023	T	1	92	89	43
08-09-2023	N	2	55	51	23
08-09-2023	T	7	86	37	18
07-09-2023	N	7	02	18	86
07-09-2023	T	0	81	63	93
06-09-2023	N	5	16	99	76
06-09-2023	T	6	41	45	40
05-09-2023	N	8	27	25	22
05-09-2023	T	2	11	62	58
04-09-2023	N	2	02	67	41
04-09-2023	T	7	34	79	18
03-09-2023	N	2	63	81	68
03-09-2023	T	5	40	90	87
02-09-2023	N	8	52	53	16
02-09-2023	T	1	77	96	36
01-09-2023	N	2	97	63	01
01-09-2023	T	6	14	80	78
31-08-2023	N	0	81	08	94
31-08-2023	T	3	82	60	25
30-08-2023	N	3	88	98	64
30-08-2023	T	4	69	00	68
29-08-2023	N	7	51	35	40
29-08-2023	T	4	12	50	00
28-08-2023	N	0	61	16	47
28-08-2023	T	8	29	57	72
27-08-2023	N	3	02	53	88
27-08-2023	T	4	54	23	00
26-08-2023	N	7	45	76	35
26-08-2023	T	0	35	06	09
25-08-2023	N	0	64	81	53
25-08-2023	T	5	71	46	93
24-08-2023	N	6	09	72	63
24-08-2023	T	9	20	75	50
23-08-2023	N	8	19	00	89
23-08-2023	T	2	38	53	90
22-08-2023	N	3	09	02	46
22-08-2023	T	4	06	60	73
21-08-2023	N	9	60	35	04
21-08-2023	T	7	91	18	59
20-08-2023	N	5	41	01	46
20-08-2023	T	8	04	11	57
19-08-2023	N	5	63	73	82
19-08-2023	T	3	02	00	40
18-08-2023	N	9	98	99	37
18-08-2023	T	7	66	56	39
17-08-2023	N	5	56	78	93
17-08-2023	T	4	64	21	71
16-08-2023	N	2	67	47	20
16-08-2023	T	8	38	29	05
15-08-2023	N	4	33	30	42
15-08-2023	T	3	63	37	26
14-08-2023	N	9	93	06	47
14-08-2023	T	3	93	33	60
13-08-2023	N	6	62	69	74
13-08-2023	T	0	81	69	89
12-08-2023	N	4	82	14	73
12-08-2023	T	5	08	80	31
11-08-2023	N	2	17	35	40
11-08-2023	T	7	00	07	08
10-08-2023	N	3	10	28	18
10-08-2023	T	9	08	39	19
09-08-2023	N	3	54	66	43
09-08-2023	T	7	35	36	01
08-08-2023	N	2	63	92	06
08-08-2023	T	9	89	83	96
07-08-2023	N	7	27	95	78
07-08-2023	T	4	66	40	95
06-08-2023	N	8	83	05	40
06-08-2023	T	1	55	81	83
05-08-2023	N	9	70	61	75
05-08-2023	T	3	22	24	92
04-08-2023	N	3	40	24	78
04-08-2023	T	7	04	03	34
03-08-2023	N	3	36	46	65
03-08-2023	T	8	50	85	91
02-08-2023	N	9	96	99	09
02-08-2023	T	6	08	16	29
01-08-2023	N	3	99	08	78
01-08-2023	T	8	63	53	45
31-07-2023	N	4	21	74	84
31-07-2023	T	1	14	24	99
30-07-2023	N	5	28	86	02
30-07-2023	T	8	22	49	73
29-07-2023	N	3	46	80	03
29-07-2023	T	9	82	43	18
28-07-2023	N	3	22	42	11
28-07-2023	T	1	95	35	69
27-07-2023	N	4	56	04	22
27-07-2023	T	6	97	06	33
26-07-2023	N	9	01	89	32
26-07-2023	T	3	26	11	63
25-07-2023	N	6	39	11	84
25-07-2023	T	7	24	66	67
24-07-2023	N	6	13	39	09
24-07-2023	T	8	61	61	93
23-07-2023	N	3	96	30	50
23-07-2023	T	3	53	71	85
22-07-2023	N	0	81	58	93
22-07-2023	T	2	35	08	49
21-07-2023	N	3	44	99	74
21-07-2023	T	8	28	35	65
20-07-2023	N	9	17	43	80
20-07-2023	T	0	95	87	28
19-07-2023	N	4	27	85	98
19-07-2023	T	1	49	85	69
18-07-2023	N	1	21	53	67
18-07-2023	T	2	45	08	28
17-07-2023	N	6	94	55	25
17-07-2023	T	3	31	17	66
16-07-2023	N	9	69	79	90
16-07-2023	T	5	62	83	48
15-07-2023	N	3	61	37	64
15-07-2023	T	9	79	17	16
14-07-2023	N	4	56	37	30
14-07-2023	T	3	95	76	62
13-07-2023	N	4	08	38	44
13-07-2023	T	0	94	50	54
12-07-2023	N	6	62	51	15
12-07-2023	T	4	89	61	97
11-07-2023	N	6	44	62	14
11-07-2023	T	5	01	32	57
10-07-2023	N	4	42	15	95
10-07-2023	T	5	37	15	46
09-07-2023	N	8	10	56	02
09-07-2023	T	2	13	87	68
08-07-2023	N	2	90	36	22
08-07-2023	T	2	95	54	00
07-07-2023	N	2	89	23	10
07-07-2023	T	3	34	14	98
06-07-2023	N	9	11	14	04
06-07-2023	T	4	20	25	55
05-07-2023	N	8	64	88	21
05-07-2023	T	7	35	45	44
04-07-2023	N	1	83	28	60
04-07-2023	T	5	70	54	80
03-07-2023	N	2	87	25	86
03-07-2023	T	5	63	40	85
02-07-2023	N	4	69	37	26
02-07-2023	T	6	52	72	36
01-07-2023	N	3	54	69	61
01-07-2023	T	2	28	49	61
30-06-2023	N	8	26	96	44
30-06-2023	T	0	05	65	22
29-06-2023	N	1	75	17	69
29-06-2023	T	0	05	19	91
28-06-2023	N	5	09	47	77
28-06-2023	T	2	11	27	28
27-06-2023	N	1	31	27	83
27-06-2023	T	4	36	48	44
26-06-2023	N	4	00	83	72
26-06-2023	T	5	34	70	52
25-06-2023	N	8	89	66	58
25-06-2023	T	4	62	98	28
24-06-2023	N	7	17	62	37
24-06-2023	T	8	26	65	24
23-06-2023	N	9	52	20	20
23-06-2023	T	1	28	64	67
22-06-2023	N	1	91	44	07
22-06-2023	T	9	20	17	10
21-06-2023	N	2	62	01	69
21-06-2023	T	6	33	66	41
20-06-2023	N	8	97	20	69
20-06-2023	T	4	04	88	11
19-06-2023	N	2	89	57	01
19-06-2023	T	4	24	37	31
18-06-2023	N	3	02	57	70
18-06-2023	T	3	22	98	74
17-06-2023	N	5	73	84	64
17-06-2023	T	9	58	04	13
16-06-2023	N	7	69	59	35
16-06-2023	T	9	01	90	36
15-06-2023	N	0	39	69	27
15-06-2023	T	2	97	60	98
14-06-2023	N	1	18	02	28
14-06-2023	T	7	35	91	10
13-06-2023	N	2	10	54	63
13-06-2023	T	3	81	21	56
12-06-2023	N	3	61	49	20
12-06-2023	T	9	67	99	64
11-06-2023	N	1	94	18	11
11-06-2023	T	8	26	77	15
10-06-2023	N	0	32	30	24
10-06-2023	T	1	68	92	81
09-06-2023	N	8	82	16	47
09-06-2023	T	4	95	06	13
08-06-2023	N	6	55	67	49
08-06-2023	T	2	07	72	45
07-06-2023	N	4	54	54	83
07-06-2023	T	0	68	71	67
06-06-2023	N	0	37	04	69
06-06-2023	T	9	10	39	03
05-06-2023	N	0	92	37	34
05-06-2023	T	9	42	11	50
04-06-2023	N	7	47	28	98
04-06-2023	T	4	98	31	25
03-06-2023	N	2	98	34	22
03-06-2023	T	7	38	69	55
02-06-2023	N	2	43	13	07
02-06-2023	T	9	96	25	39
01-06-2023	N	5	64	89	90
01-06-2023	T	4	15	21	04
31-05-2023	N	6	54	57	49
31-05-2023	T	5	17	65	19
30-05-2023	N	8	67	34	93
30-05-2023	T	1	64	75	86
29-05-2023	N	3	01	43	97
29-05-2023	T	0	56	45	65
28-05-2023	N	1	10	05	79
28-05-2023	T	1	62	54	81
27-05-2023	N	3	74	28	38
27-05-2023	T	9	57	23	06
26-05-2023	N	3	88	05	60
26-05-2023	T	8	03	52	19
25-05-2023	N	0	57	53	69
25-05-2023	T	9	25	26	69
24-05-2023	N	9	98	14	13
24-05-2023	T	8	53	35	80
23-05-2023	N	2	42	65	21
23-05-2023	T	5	47	75	46
22-05-2023	N	9	74	69	87
22-05-2023	T	4	50	85	75
21-05-2023	N	8	94	61	37
21-05-2023	T	5	80	25	19
20-05-2023	N	6	25	63	22
20-05-2023	T	1	58	52	26
19-05-2023	N	0	78	56	01
19-05-2023	T	5	30	40	14
18-05-2023	N	0	87	61	84
18-05-2023	T	9	72	89	60
17-05-2023	N	9	99	36	89
17-05-2023	T	9	32	67	87
16-05-2023	N	5	70	12	59
16-05-2023	T	1	22	65	36
15-05-2023	N	3	13	95	96
15-05-2023	T	0	93	11	85
14-05-2023	N	5	92	81	84
14-05-2023	T	0	59	11	10
13-05-2023	N	3	48	14	21
13-05-2023	T	8	32	85	83
12-05-2023	N	3	90	87	91
12-05-2023	T	8	95	56	33
11-05-2023	N	8	15	23	38
11-05-2023	T	1	80	60	83
10-05-2023	N	1	70	88	11
10-05-2023	T	5	46	65	82
09-05-2023	N	7	88	29	01
09-05-2023	T	1	61	22	33
08-05-2023	N	3	96	68	55
08-05-2023	T	5	14	58	89
07-05-2023	N	5	04	53	79
07-05-2023	T	5	18	59	56
06-05-2023	N	5	87	11	61
06-05-2023	T	6	97	76	27
05-05-2023	N	8	09	17	57
05-05-2023	T	4	81	62	55
04-05-2023	N	7	52	00	19
04-05-2023	T	3	80	93	74
03-05-2023	N	8	30	11	22
03-05-2023	T	9	85	12	39
02-05-2023	N	5	23	14	10
02-05-2023	T	5	56	52	05
01-05-2023	N	6	43	52	62
01-05-2023	T	5	12	84	63
30-04-2023	N	9	48	99	45
30-04-2023	T	4	99	94	75
29-04-2023	N	6	39	09	92
29-04-2023	T	5	84	42	14
28-04-2023	N	8	42	53	74
28-04-2023	T	8	24	72	37
27-04-2023	N	7	45	22	26
27-04-2023	T	8	85	33	13
26-04-2023	N	0	29	58	64
26-04-2023	T	9	00	07	37
25-04-2023	N	9	28	78	00
25-04-2023	T	6	28	53	95
24-04-2023	N	6	00	76	30
24-04-2023	T	2	15	14	77
23-04-2023	N	2	88	99	27
23-04-2023	T	5	75	40	91
22-04-2023	N	9	85	54	48
22-04-2023	T	7	72	06	31
21-04-2023	N	0	71	35	94
21-04-2023	T	3	67	41	86
20-04-2023	N	5	88	18	46
20-04-2023	T	3	53	19	13
19-04-2023	N	0	01	48	40
19-04-2023	T	8	20	47	59
18-04-2023	N	1	55	34	67
18-04-2023	T	7	60	82	96
17-04-2023	N	0	04	77	01
17-04-2023	T	9	08	42	76
16-04-2023	N	5	02	91	19
16-04-2023	T	8	05	89	80
15-04-2023	N	8	82	57	32
15-04-2023	T	0	34	69	41
14-04-2023	N	0	73	90	07
14-04-2023	T	4	37	25	04
13-04-2023	N	3	03	00	60
13-04-2023	T	6	70	14	52
12-04-2023	N	3	11	49	98
12-04-2023	T	2	26	47	27
11-04-2023	N	0	02	61	10
11-04-2023	T	3	67	34	35
10-04-2023	N	8	03	79	65
10-04-2023	T	8	71	98	75
09-04-2023	N	9	72	32	76
09-04-2023	T	9	55	72	43
08-04-2023	N	4	93	77	36
08-04-2023	T	8	04	30	76
07-04-2023	N	3	33	18	91
07-04-2023	T	5	45	00	74
06-04-2023	N	1	01	69	53
06-04-2023	T	9	82	06	95
05-04-2023	N	4	58	34	60
05-04-2023	T	5	54	69	02
04-04-2023	N	6	40	58	53
04-04-2023	T	6	80	11	95
03-04-2023	N	5	85	23	14
03-04-2023	T	1	58	63	47
02-04-2023	N	2	05	24	14
02-04-2023	T	8	77	39	54
01-04-2023	N	9	56	34	33
01-04-2023	T	9	21	23	96
31-03-2023	N	6	57	34	74
31-03-2023	T	4	35	88	20
30-03-2023	N	7	24	55	92
30-03-2023	T	2	05	53	28
29-03-2023	N	4	88	66	61
29-03-2023	T	4	97	13	80
28-03-2023	N	1	39	48	93
28-03-2023	T	4	69	33	33
27-03-2023	N	8	34	08	54
27-03-2023	T	2	60	75	64
26-03-2023	N	8	48	37	17
26-03-2023	T	4	75	33	95
25-03-2023	N	9	50	76	01
25-03-2023	T	1	54	09	08
24-03-2023	N	5	84	38	25
24-03-2023	T	7	54	84	71
23-03-2023	N	4	63	04	27
23-03-2023	T	8	94	06	44
22-03-2023	N	1	32	54	58
22-03-2023	T	0	63	28	27
21-03-2023	N	5	47	89	04
21-03-2023	T	2	82	58	41
20-03-2023	N	6	48	09	13
20-03-2023	T	5	29	41	06
19-03-2023	N	9	33	57	31
19-03-2023	T	1	73	82	90
18-03-2023	N	0	29	61	31
18-03-2023	T	8	94	57	83
17-03-2023	N	5	13	64	60
17-03-2023	T	4	60	02	02
16-03-2023	N	4	91	70	73
16-03-2023	T	7	01	93	78
15-03-2023	N	6	59	54	61
15-03-2023	T	6	23	83	51
14-03-2023	N	8	63	06	92
14-03-2023	T	9	10	96	20
13-03-2023	N	4	81	88	12
13-03-2023	T	9	50	58	81
12-03-2023	N	4	74	70	37
12-03-2023	T	3	16	16	92
11-03-2023	N	7	96	43	33
11-03-2023	T	6	84	75	85
10-03-2023	N	0	05	08	74
10-03-2023	T	0	80	34	20
09-03-2023	N	6	27	55	05
09-03-2023	T	2	28	77	74
08-03-2023	N	9	98	12	10
08-03-2023	T	3	53	03	76
07-03-2023	N	2	22	15	20
07-03-2023	T	0	78	65	46
06-03-2023	N	5	27	64	81
06-03-2023	T	7	40	04	74
05-03-2023	N	0	78	49	98
05-03-2023	T	6	40	93	10
04-03-2023	N	3	71	62	24
04-03-2023	T	6	81	07	15
03-03-2023	N	3	13	73	83
03-03-2023	T	3	51	56	26
02-03-2023	N	5	67	64	50
02-03-2023	T	5	52	09	81
01-03-2023	N	9	78	53	64
01-03-2023	T	3	78	91	79
28-02-2023	N	8	88	15	65
28-02-2023	T	0	50	49	30
27-02-2023	N	1	47	76	58
27-02-2023	T	1	76	89	61
26-02-2023	N	5	62	28	35
26-02-2023	T	6	77	68	36
25-02-2023	N	8	02	18	01
25-02-2023	T	6	15	84	40
24-02-2023	N	3	30	53	58
24-02-2023	T	4	94	39	78
23-02-2023	N	7	07	55	65
23-02-2023	T	2	27	47	82
22-02-2023	N	5	58	00	00
22-02-2023	T	2	59	02	09
21-02-2023	N	8	19	85	36
21-02-2023	T	8	72	54	05
20-02-2023	N	6	85	96	58
20-02-2023	T	8	77	68	85
19-02-2023	N	1	22	29	45
19-02-2023	T	6	26	30	86
18-02-2023	N	5	72	82	19
18-02-2023	T	2	71	70	62
17-02-2023	N	2	77	94	81
17-02-2023	T	5	98	26	24
16-02-2023	N	5	90	77	70
16-02-2023	T	5	07	40	06
15-02-2023	N	0	51	94	33
15-02-2023	T	9	02	47	58
14-02-2023	N	5	75	51	32
14-02-2023	T	3	96	64	85
13-02-2023	N	4	75	46	91
13-02-2023	T	6	85	42	37
12-02-2023	N	5	78	22	88
12-02-2023	T	5	36	97	89
11-02-2023	N	8	34	96	36
11-02-2023	T	3	55	82	16
10-02-2023	N	2	42	52	92
10-02-2023	T	4	03	90	95
09-02-2023	N	8	11	14	82
09-02-2023	T	9	38	68	55
08-02-2023	N	0	70	60	94
08-02-2023	T	1	97	73	30
07-02-2023	N	1	17	75	12
07-02-2023	T	3	54	68	61
06-02-2023	N	4	64	09	33
06-02-2023	T	5	04	93	63
05-02-2023	N	6	31	73	79
05-02-2023	T	9	47	22	44
04-02-2023	N	4	07	36	46
04-02-2023	T	5	83	34	54
03-02-2023	N	6	35	56	79
03-02-2023	T	7	27	13	97
02-02-2023	N	4	66	43	12
02-02-2023	T	9	99	15	50
01-02-2023	N	3	23	72	28
01-02-2023	T	7	43	47	17
31-01-2023	N	2	97	19	89
31-01-2023	T	1	14	33	95
30-01-2023	N	9	94	36	17
30-01-2023	T	8	68	79	67
29-01-2023	N	5	41	57	78
29-01-2023	T	2	39	91	40
28-01-2023	N	3	08	94	09
28-01-2023	T	6	04	39	49
27-01-2023	N	0	95	42	10
27-01-2023	T	4	48	37	28
26-01-2023	N	7	61	78	44
26-01-2023	T	1	48	79	08
25-01-2023	N	8	08	14	16
25-01-2023	T	0	86	90	86
24-01-2023	N	9	74	53	93
24-01-2023	T	1	34	73	48
23-01-2023	N	7	44	03	03
23-01-2023	T	7	91	68	89
22-01-2023	N	8	97	47	67
22-01-2023	T	2	12	90	60
21-01-2023	N	2	64	87	10
21-01-2023	T	0	74	17	36
20-01-2023	N	1	58	54	69
20-01-2023	T	4	68	83	76
19-01-2023	N	6	86	94	27
19-01-2023	T	1	00	49	41
18-01-2023	N	5	56	70	59
18-01-2023	T	1	35	87	74
17-01-2023	N	8	88	04	28
17-01-2023	T	4	13	59	67
16-01-2023	N	8	49	64	65
16-01-2023	T	0	61	38	67
15-01-2023	N	0	67	11	23
15-01-2023	T	8	64	82	62
14-01-2023	N	8	25	93	11
14-01-2023	T	5	78	76	05
13-01-2023	N	4	06	41	37
13-01-2023	T	3	96	54	00
12-01-2023	N	8	92	32	82
12-01-2023	T	8	06	76	56
11-01-2023	N	8	24	05	10
11-01-2023	T	8	98	05	93
10-01-2023	N	7	14	24	75
10-01-2023	T	4	31	65	88
09-01-2023	N	4	17	05	45
09-01-2023	T	7	85	60	16
08-01-2023	N	6	63	02	20
08-01-2023	T	7	92	46	02
07-01-2023	N	7	49	92	64
07-01-2023	T	1	50	66	66
06-01-2023	N	5	71	84	36
06-01-2023	T	4	42	69	46
05-01-2023	N	0	63	12	49
05-01-2023	T	7	17	08	74
04-01-2023	N	0	47	14	84
04-01-2023	T	8	57	15	94
03-01-2023	N	9	75	39	30
03-01-2023	T	0	03	60	71
02-01-2023	N	4	90	53	03
02-01-2023	T	8	51	10	02
01-01-2023	N	9	64	58	28
01-01-2023	T	0	11	42	18
31-12-2022	N	0	90	97	16
31-12-2022	T	2	39	26	96
30-12-2022	N	1	85	29	30
30-12-2022	T	5	15	70	22
29-12-2022	N	0	48	39	97
29-12-2022	T	2	10	67	27
28-12-2022	N	3	42	52	87
28-12-2022	T	9	21	65	37
27-12-2022	N	3	20	45	08
27-12-2022	T	5	42	61	27
26-12-2022	N	8	36	22	69
26-12-2022	T	4	65	83	17
25-12-2022	N	8	23	37	72
25-12-2022	T	7	70	11	98
24-12-2022	N	3	37	75	00
24-12-2022	T	4	87	23	87
23-12-2022	N	2	76	17	47
23-12-2022	T	0	52	74	83
22-12-2022	N	5	74	95	37
22-12-2022	T	7	24	99	48
21-12-2022	N	6	20	45	68
21-12-2022	T	9	01	73	63
20-12-2022	N	8	74	59	97
20-12-2022	T	0	66	25	56
19-12-2022	N	3	80	34	18
19-12-2022	T	9	74	94	66
18-12-2022	N	8	89	37	54
18-12-2022	T	2	09	79	77
17-12-2022	N	6	27	46	15
17-12-2022	T	7	49	39	07
16-12-2022	N	5	84	49	84
16-12-2022	T	4	29	92	06
15-12-2022	N	5	59	45	84
15-12-2022	T	2	82	68	03
14-12-2022	N	4	07	64	77
14-12-2022	T	2	92	72	08
13-12-2022	N	5	63	08	26
13-12-2022	T	5	70	39	90
12-12-2022	N	9	85	35	45
12-12-2022	T	8	53	93	98
11-12-2022	N	6	68	44	37
11-12-2022	T	6	10	25	60
10-12-2022	N	8	73	86	45
10-12-2022	T	6	54	36	61
09-12-2022	N	8	92	03	77
09-12-2022	T	8	46	12	53
08-12-2022	N	6	96	29	14
08-12-2022	T	4	83	67	78
07-12-2022	N	5	45	22	88
07-12-2022	T	1	94	80	64
06-12-2022	N	3	78	71	56
06-12-2022	T	3	40	27	84
05-12-2022	N	3	22	45	63
05-12-2022	T	7	30	20	98
04-12-2022	N	7	18	94	94
04-12-2022	T	9	42	47	80
03-12-2022	N	7	28	62	31
03-12-2022	T	2	91	92	18
02-12-2022	N	8	76	71	38
02-12-2022	T	2	11	03	20
01-12-2022	N	5	12	68	46
01-12-2022	T	0	52	56	31
30-11-2022	N	8	00	13	65
30-11-2022	T	5	70	33	17
29-11-2022	N	5	73	29	68
29-11-2022	T	2	50	07	08
28-11-2022	N	7	49	49	01
28-11-2022	T	1	51	55	76
27-11-2022	N	9	19	80	86
27-11-2022	T	2	66	94	93
26-11-2022	N	9	81	92	97
26-11-2022	T	6	53	43	32
25-11-2022	N	5	13	01	25
25-11-2022	T	6	82	65	28
24-11-2022	N	8	68	14	82
24-11-2022	T	9	72	31	28
23-11-2022	N	0	83	85	63
23-11-2022	T	6	88	16	32
22-11-2022	N	0	38	59	67
22-11-2022	T	8	72	11	34
21-11-2022	N	4	52	87	69
21-11-2022	T	1	17	86	02
20-11-2022	N	5	38	55	89
20-11-2022	T	1	88	14	84
19-11-2022	N	9	40	73	82
19-11-2022	T	7	93	27	80
18-11-2022	N	0	15	96	25
18-11-2022	T	3	25	20	33
17-11-2022	N	5	22	87	51
17-11-2022	T	7	61	21	67
16-11-2022	N	7	92	95	70
16-11-2022	T	1	58	14	60
15-11-2022	N	5	34	65	50
15-11-2022	T	8	25	72	54
14-11-2022	N	6	43	56	93
14-11-2022	T	6	67	75	68
13-11-2022	N	2	09	68	57
13-11-2022	T	1	78	49	37
12-11-2022	N	4	97	62	83
12-11-2022	T	4	80	11	01
11-11-2022	N	2	06	44	26
11-11-2022	T	9	44	48	80
10-11-2022	N	0	82	98	89
10-11-2022	T	5	61	51	58
09-11-2022	N	1	53	78	28
09-11-2022	T	5	55	45	99
08-11-2022	N	4	52	49	48
08-11-2022	T	3	49	35	88
07-11-2022	N	1	09	18	13
07-11-2022	T	8	11	43	20
06-11-2022	N	9	83	94	64
06-11-2022	T	2	07	73	16
05-11-2022	N	0	15	68	56
05-11-2022	T	4	71	41	93
04-11-2022	N	2	43	30	15
04-11-2022	T	8	89	48	47
03-11-2022	N	2	86	91	69
03-11-2022	T	7	61	62	93
02-11-2022	N	9	97	92	01
02-11-2022	T	6	25	11	08
01-11-2022	N	3	22	42	32
01-11-2022	T	7	21	63	15
31-10-2022	N	5	36	71	58
31-10-2022	T	0	40	62	91
30-10-2022	N	2	17	05	88
30-10-2022	T	2	36	91	57
29-10-2022	N	9	50	33	54
29-10-2022	T	6	82	68	58
28-10-2022	N	6	96	28	95
28-10-2022	T	0	43	37	37
27-10-2022	N	6	05	78	22
27-10-2022	T	4	28	36	64
26-10-2022	N	5	49	35	45
26-10-2022	T	0	88	68	98
25-10-2022	N	4	52	51	34
25-10-2022	T	8	22	16	32
24-10-2022	N	8	58	87	21
24-10-2022	T	3	80	04	30
23-10-2022	N	8	94	50	87
23-10-2022	T	3	57	86	05
22-10-2022	N	2	22	64	94
22-10-2022	T	9	08	00	81
21-10-2022	N	8	94	61	48
21-10-2022	T	3	89	94	30
20-10-2022	N	4	33	77	80
20-10-2022	T	3	20	22	18
19-10-2022	N	4	05	93	31
19-10-2022	T	8	59	81	83
18-10-2022	N	0	77	66	38
18-10-2022	T	4	90	65	01
17-10-2022	N	3	05	93	39
17-10-2022	T	8	53	90	56
16-10-2022	N	0	37	43	30
16-10-2022	T	0	08	47	01
15-10-2022	N	5	27	15	45
15-10-2022	T	8	80	53	06
14-10-2022	N	4	05	80	85
14-10-2022	T	1	26	07	37
13-10-2022	N	8	20	63	94
13-10-2022	T	1	76	97	81
12-10-2022	N	9	94	61	23
12-10-2022	T	3	16	07	49
11-10-2022	N	3	11	23	53
11-10-2022	T	3	98	27	61
10-10-2022	N	0	91	99	80
10-10-2022	T	0	45	60	83
09-10-2022	N	5	94	16	77
09-10-2022	T	4	14	98	63
08-10-2022	N	2	50	64	85
08-10-2022	T	8	61	22	88
07-10-2022	N	1	54	55	26
07-10-2022	T	2	53	87	21
06-10-2022	N	5	06	07	84
06-10-2022	T	9	92	55	44
05-10-2022	N	9	53	12	38
05-10-2022	T	0	23	82	21
04-10-2022	N	2	99	66	25
04-10-2022	T	3	25	67	46
03-10-2022	N	8	29	10	30
03-10-2022	T	3	92	55	82
02-10-2022	N	4	78	69	80
02-10-2022	T	7	56	71	13
01-10-2022	N	1	67	92	87
01-10-2022	T	9	50	66	79
30-09-2022	N	5	68	94	99
30-09-2022	T	1	84	94	36
29-09-2022	N	0	67	94	62
29-09-2022	T	7	49	51	87
28-09-2022	N	9	56	35	12
28-09-2022	T	2	48	32	02
27-09-2022	N	7	05	32	39
27-09-2022	T	5	29	44	44
26-09-2022	N	9	82	44	05
26-09-2022	T	3	81	34	20
25-09-2022	N	6	00	78	93
25-09-2022	T	6	09	17	21
24-09-2022	N	0	47	18	27
24-09-2022	T	6	17	70	76
23-09-2022	N	5	06	00	91
23-09-2022	T	1	16	08	55
22-09-2022	N	2	79	26	68
22-09-2022	T	5	62	96	58
21-09-2022	N	8	36	94	64
21-09-2022	T	0	43	33	77
20-09-2022	N	3	46	03	51
20-09-2022	T	0	21	54	55
19-09-2022	N	1	43	10	48
19-09-2022	T	2	64	39	33
18-09-2022	N	1	00	38	55
18-09-2022	T	9	06	36	12
17-09-2022	N	6	31	00	87
17-09-2022	T	7	12	82	40
16-09-2022	N	3	95	56	15
16-09-2022	T	7	39	68	52
15-09-2022	N	0	72	38	70
15-09-2022	T	0	88	01	49
14-09-2022	N	7	45	63	99
14-09-2022	T	8	61	88	32
13-09-2022	N	6	56	79	38
13-09-2022	T	0	38	61	45
12-09-2022	N	1	27	21	50
12-09-2022	T	2	56	00	74
11-09-2022	N	4	26	00	46
11-09-2022	T	6	19	55	25
10-09-2022	N	4	78	23	00
10-09-2022	T	0	87	57	34
09-09-2022	N	3	12	16	77
09-09-2022	T	0	86	53	63
08-09-2022	N	7	47	11	48
08-09-2022	T	9	55	34	55
07-09-2022	N	0	51	97	02
07-09-2022	T	1	62	87	53
06-09-2022	N	6	55	69	58
06-09-2022	T	1	20	11	49
05-09-2022	N	5	96	13	59
05-09-2022	T	5	43	42	23
04-09-2022	N	7	72	70	48
04-09-2022	T	8	24	66	03
03-09-2022	N	9	66	84	87
03-09-2022	T	8	21	55	13
02-09-2022	N	5	18	49	67
02-09-2022	T	4	89	29	30
01-09-2022	N	7	52	79	56
01-09-2022	T	3	69	62	72
31-08-2022	N	7	82	07	68
31-08-2022	T	6	89	33	93
30-08-2022	N	9	37	83	74
30-08-2022	T	1	44	44	01
29-08-2022	N	6	87	16	96
29-08-2022	T	0	55	77	30
28-08-2022	N	0	17	21	94
28-08-2022	T	9	15	58	55
27-08-2022	N	7	35	82	97
27-08-2022	T	2	11	10	48
26-08-2022	N	7	09	07	54
26-08-2022	T	4	29	63	20
25-08-2022	N	5	11	66	10
25-08-2022	T	6	56	95	12
24-08-2022	N	0	40	65	50
24-08-2022	T	4	72	42	93
23-08-2022	N	6	62	24	01
23-08-2022	T	6	89	38	67
22-08-2022	N	1	49	00	66
22-08-2022	T	3	39	47	92
21-08-2022	N	2	67	97	05
21-08-2022	T	0	50	58	17
20-08-2022	N	4	10	30	82
20-08-2022	T	9	92	22	80
19-08-2022	N	6	77	03	61
19-08-2022	T	8	58	91	10
18-08-2022	N	5	36	72	44
18-08-2022	T	4	74	24	53
17-08-2022	N	0	19	12	43
17-08-2022	T	4	10	64	20
16-08-2022	N	2	37	01	33
16-08-2022	T	7	97	59	51
15-08-2022	N	3	94	16	75
15-08-2022	T	9	02	66	56
14-08-2022	N	4	20	31	09
14-08-2022	T	3	59	97	19
13-08-2022	N	4	75	19	99
13-08-2022	T	0	99	64	11
12-08-2022	N	8	48	05	72
12-08-2022	T	0	99	05	80
11-08-2022	N	8	67	56	04
11-08-2022	T	5	45	18	28
10-08-2022	N	4	18	06	56
10-08-2022	T	3	98	14	97
09-08-2022	N	4	33	45	27
09-08-2022	T	3	16	58	84
08-08-2022	N	5	61	60	14
08-08-2022	T	8	90	75	73
07-08-2022	N	4	59	20	37
07-08-2022	T	8	43	55	85
06-08-2022	N	4	99	23	52
06-08-2022	T	5	92	47	53
05-08-2022	N	0	76	09	20
05-08-2022	T	9	10	97	05
04-08-2022	N	5	93	74	88
04-08-2022	T	1	90	47	52
03-08-2022	N	0	45	49	01
03-08-2022	T	3	28	29	86
02-08-2022	N	0	34	00	07
02-08-2022	T	1	95	85	92
01-08-2022	N	3	32	46	36
01-08-2022	T	5	05	84	85
31-07-2022	N	4	58	31	96
31-07-2022	T	6	95	08	52
30-07-2022	N	6	46	93	62
30-07-2022	T	5	40	15	18
29-07-2022	N	4	25	52	73
29-07-2022	T	7	41	57	59
28-07-2022	N	9	74	16	46
28-07-2022	T	9	03	13	19
27-07-2022	N	3	54	70	25
27-07-2022	T	4	28	90	04
26-07-2022	N	2	99	04	16
26-07-2022	T	3	89	96	18
25-07-2022	N	4	79	35	54
25-07-2022	T	2	04	13	63
24-07-2022	N	9	70	56	87
24-07-2022	T	8	42	25	88
23-07-2022	N	1	64	88	50
23-07-2022	T	8	13	48	97
22-07-2022	N	2	60	87	86
22-07-2022	T	3	20	19	84
21-07-2022	N	7	54	08	46
21-07-2022	T	7	34	48	77
20-07-2022	N	9	74	26	35
20-07-2022	T	8	96	34	67
19-07-2022	N	2	10	88	31
19-07-2022	T	5	62	05	93
18-07-2022	N	7	78	23	56
18-07-2022	T	8	65	71	58
17-07-2022	N	0	40	28	03
17-07-2022	T	5	59	36	89
16-07-2022	N	7	07	39	39
16-07-2022	T	0	66	67	59
15-07-2022	N	9	44	91	12
15-07-2022	T	4	92	18	86
14-07-2022	N	2	61	84	40
14-07-2022	T	8	51	81	03
13-07-2022	N	1	39	70	51
13-07-2022	T	7	70	36	01
12-07-2022	N	1	01	09	82
12-07-2022	T	3	66	69	16
11-07-2022	N	4	98	01	14
11-07-2022	T	4	34	27	93
10-07-2022	N	3	34	09	21
10-07-2022	T	3	44	52	46
09-07-2022	N	1	50	36	25
09-07-2022	T	0	49	39	06
08-07-2022	N	8	80	40	53
08-07-2022	T	1	23	43	03
07-07-2022	N	6	78	82	98
07-07-2022	T	4	53	43	50
06-07-2022	N	5	21	46	71
06-07-2022	T	3	15	94	80
05-07-2022	N	6	73	98	09
05-07-2022	T	5	60	67	15
04-07-2022	N	0	70	93	47
04-07-2022	T	0	77	07	23
03-07-2022	N	9	91	88	97
03-07-2022	T	0	32	04	46
02-07-2022	N	3	79	55	27
02-07-2022	T	2	93	99	72
01-07-2022	N	5	03	86	62
01-07-2022	T	8	23	54	61
30-06-2022	N	2	06	16	40
30-06-2022	T	1	18	55	31
29-06-2022	N	8	93	34	77
29-06-2022	T	3	71	05	77
28-06-2022	N	0	43	37	85
28-06-2022	T	0	46	82	17
27-06-2022	N	2	93	73	40
27-06-2022	T	2	28	00	86
26-06-2022	N	7	06	09	51
26-06-2022	T	0	82	97	94
25-06-2022	N	7	00	17	44
25-06-2022	T	1	50	48	15
24-06-2022	N	5	15	75	73
24-06-2022	T	6	21	30	11
23-06-2022	N	1	48	39	20
23-06-2022	T	0	86	86	51
22-06-2022	N	0	05	16	00
22-06-2022	T	9	57	89	96
21-06-2022	N	6	28	83	92
21-06-2022	T	2	75	15	08
20-06-2022	N	1	26	82	69
20-06-2022	T	9	52	05	71
19-06-2022	N	6	68	15	91
19-06-2022	T	5	73	22	69
18-06-2022	N	9	38	02	25
18-06-2022	T	9	29	41	85
17-06-2022	N	2	79	20	00
17-06-2022	T	9	71	58	56
16-06-2022	N	5	98	37	58
16-06-2022	T	8	15	60	74
15-06-2022	N	7	96	55	74
15-06-2022	T	4	63	02	40
14-06-2022	N	3	71	58	46
14-06-2022	T	5	48	16	69
13-06-2022	N	7	38	67	54
13-06-2022	T	5	29	77	48
12-06-2022	N	8	72	17	58
12-06-2022	T	5	79	23	76
11-06-2022	N	0	72	87	03
11-06-2022	T	6	12	13	50
10-06-2022	N	8	56	30	39
10-06-2022	T	2	52	29	82
09-06-2022	N	4	97	62	67
09-06-2022	T	5	26	68	48
08-06-2022	N	6	80	36	80
08-06-2022	T	9	35	04	84
07-06-2022	N	4	44	01	36
07-06-2022	T	9	56	95	71
06-06-2022	N	3	43	24	36
06-06-2022	T	2	43	06	33
05-06-2022	N	7	74	31	75
05-06-2022	T	8	92	24	82
04-06-2022	N	2	08	13	80
04-06-2022	T	2	65	35	59
03-06-2022	N	0	12	69	72
03-06-2022	T	6	80	34	28
02-06-2022	N	6	75	41	70
02-06-2022	T	1	25	03	77
01-06-2022	N	3	31	20	25
01-06-2022	T	8	46	56	03
31-05-2022	N	7	26	22	67
31-05-2022	T	3	98	31	38
30-05-2022	N	8	21	56	51
30-05-2022	T	4	99	93	01
29-05-2022	N	4	00	17	87
29-05-2022	T	4	54	08	93
28-05-2022	N	6	97	51	10
28-05-2022	T	5	14	71	97
27-05-2022	N	1	38	72	55
27-05-2022	T	0	44	02	47
26-05-2022	N	5	34	22	76
26-05-2022	T	5	32	53	40
25-05-2022	N	6	80	23	61
25-05-2022	T	9	42	62	23
24-05-2022	N	5	92	23	54
24-05-2022	T	6	59	22	03
23-05-2022	N	4	18	08	11
23-05-2022	T	3	09	97	94
22-05-2022	N	5	36	77	00
22-05-2022	T	0	10	81	52
21-05-2022	N	7	86	28	96
21-05-2022	T	4	13	71	61
20-05-2022	N	7	18	33	73
20-05-2022	T	5	32	51	61
19-05-2022	N	4	96	13	70
19-05-2022	T	3	76	08	19
18-05-2022	N	3	73	10	06
18-05-2022	T	9	78	67	08
17-05-2022	N	6	82	48	08
17-05-2022	T	6	50	66	02
16-05-2022	N	7	06	53	69
16-05-2022	T	3	76	77	19
15-05-2022	N	4	17	22	41
15-05-2022	T	3	77	06	51
14-05-2022	N	2	77	71	16
14-05-2022	T	7	01	54	18
13-05-2022	N	0	56	49	04
13-05-2022	T	7	02	11	99
12-05-2022	N	7	32	12	99
12-05-2022	T	9	84	26	44
11-05-2022	N	1	03	45	29
11-05-2022	T	0	47	78	18
10-05-2022	N	5	78	98	11
10-05-2022	T	1	48	24	75
09-05-2022	N	8	30	59	55
09-05-2022	T	7	08	17	53
08-05-2022	N	6	05	89	91
08-05-2022	T	1	74	26	39
07-05-2022	N	0	51	43	23
07-05-2022	T	6	48	31	89
06-05-2022	N	5	77	98	16
06-05-2022	T	0	25	48	86
05-05-2022	N	0	17	36	64
05-05-2022	T	3	85	38	18
04-05-2022	N	2	11	90	32
04-05-2022	T	1	73	31	02
03-05-2022	N	3	74	60	54
03-05-2022	T	6	51	84	88
02-05-2022	N	2	48	90	61
02-05-2022	T	5	71	24	12
01-05-2022	N	7	27	70	79
01-05-2022	T	1	93	34	43
30-04-2022	N	2	30	40	04
30-04-2022	T	5	98	04	22
29-04-2022	N	5	81	67	59
29-04-2022	T	9	96	21	92
28-04-2022	N	2	51	34	78
28-04-2022	T	0	68	25	32
27-04-2022	N	4	97	98	89
27-04-2022	T	1	05	96	98
26-04-2022	N	0	08	99	02
26-04-2022	T	0	56	52	65
25-04-2022	N	6	63	18	57
25-04-2022	T	1	93	53	16
24-04-2022	N	8	54	74	93
24-04-2022	T	6	93	03	59
23-04-2022	N	1	58	37	92
23-04-2022	T	8	86	04	07
22-04-2022	N	8	84	08	90
22-04-2022	T	9	76	03	00
21-04-2022	N	5	89	04	94
21-04-2022	T	6	48	34	01
20-04-2022	N	2	89	35	50
20-04-2022	T	8	31	12	20
19-04-2022	N	3	63	39	65
19-04-2022	T	1	55	89	18
18-04-2022	N	8	97	41	87
18-04-2022	T	4	95	71	79
17-04-2022	N	5	54	31	90
17-04-2022	T	8	34	92	21
16-04-2022	N	2	15	18	77
16-04-2022	T	9	11	43	62
15-04-2022	N	6	48	84	64
15-04-2022	T	8	04	74	83
14-04-2022	N	7	65	69	69
14-04-2022	T	8	37	17	24
13-04-2022	N	8	49	21	98
13-04-2022	T	6	57	68	35
12-04-2022	N	2	67	25	02
12-04-2022	T	2	05	66	88
11-04-2022	N	7	90	14	08
11-04-2022	T	2	60	01	08
10-04-2022	N	8	96	78	79
10-04-2022	T	4	54	04	83
09-04-2022	N	7	77	80	79
09-04-2022	T	6	48	82	19
08-04-2022	N	4	23	20	74
08-04-2022	T	6	46	92	48
07-04-2022	N	4	89	68	61
07-04-2022	T	5	27	10	62
06-04-2022	N	3	15	01	12
06-04-2022	T	5	66	49	12
05-04-2022	N	7	23	57	10
05-04-2022	T	6	70	48	35
04-04-2022	N	3	06	05	06
04-04-2022	T	2	29	29	36
03-04-2022	N	2	69	45	91
03-04-2022	T	1	22	83	93
02-04-2022	N	3	71	81	59
02-04-2022	T	7	27	22	45
01-04-2022	N	7	11	44	04
01-04-2022	T	9	99	19	42
31-03-2022	N	3	66	50	89
31-03-2022	T	5	90	51	68
30-03-2022	N	9	26	57	45
30-03-2022	T	4	74	96	85
29-03-2022	N	2	31	63	58
29-03-2022	T	1	11	44	99
28-03-2022	N	6	75	61	92
28-03-2022	T	6	63	42	89
27-03-2022	N	8	63	20	22
27-03-2022	T	1	28	60	46
26-03-2022	N	9	34	83	93
26-03-2022	T	5	76	86	95
25-03-2022	N	1	40	53	80
25-03-2022	T	7	66	56	50
24-03-2022	N	3	23	34	02
24-03-2022	T	9	55	45	64
23-03-2022	N	7	91	83	33
23-03-2022	T	6	80	70	92
22-03-2022	N	8	38	73	36
22-03-2022	T	5	98	10	76
21-03-2022	N	5	40	87	87
21-03-2022	T	0	45	51	99
20-03-2022	N	5	17	14	28
20-03-2022	T	1	28	39	11
19-03-2022	N	8	97	44	33
19-03-2022	T	1	77	62	96
18-03-2022	N	0	20	73	26
18-03-2022	T	9	84	88	89
17-03-2022	N	4	11	96	89
17-03-2022	T	9	70	39	05
16-03-2022	N	4	20	71	85
16-03-2022	T	2	58	15	91
15-03-2022	N	0	65	35	47
15-03-2022	T	9	19	56	02
14-03-2022	N	2	66	75	42
14-03-2022	T	4	62	04	53
13-03-2022	N	1	81	71	47
13-03-2022	T	0	43	76	39
12-03-2022	N	1	32	06	01
12-03-2022	T	4	21	83	06
11-03-2022	N	7	48	97	35
11-03-2022	T	1	47	21	85
10-03-2022	N	0	52	25	80
10-03-2022	T	4	59	02	34
09-03-2022	N	7	73	14	99
09-03-2022	T	9	53	69	06
08-03-2022	N	5	35	57	70
08-03-2022	T	2	65	07	21
07-03-2022	N	8	72	76	99
07-03-2022	T	5	22	08	90
06-03-2022	N	3	85	97	89
06-03-2022	T	7	17	35	14
05-03-2022	N	9	41	89	87
05-03-2022	T	4	88	02	96
04-03-2022	N	8	14	37	61
04-03-2022	T	9	21	86	47
03-03-2022	N	6	01	77	32
03-03-2022	T	4	40	14	65
02-03-2022	N	0	74	92	38
02-03-2022	T	9	75	08	38
01-03-2022	N	4	50	82	69
01-03-2022	T	3	68	03	22
28-02-2022	N	7	54	81	39
28-02-2022	T	3	99	63	12
27-02-2022	N	2	55	36	36
27-02-2022	T	5	26	18	67
26-02-2022	N	6	83	35	66
26-02-2022	T	8	58	84	23
25-02-2022	N	3	87	69	14
25-02-2022	T	5	45	49	70
24-02-2022	N	1	31	54	15
24-02-2022	T	5	44	79	40
23-02-2022	N	3	02	00	55
23-02-2022	T	6	31	80	72
22-02-2022	N	3	19	50	70
22-02-2022	T	1	83	91	43
21-02-2022	N	9	20	49	42
21-02-2022	T	3	84	83	13
20-02-2022	N	2	11	57	61
20-02-2022	T	3	51	13	55
19-02-2022	N	3	70	35	17
19-02-2022	T	5	60	84	09
18-02-2022	N	8	32	46	53
18-02-2022	T	1	25	24	75
17-02-2022	N	9	02	81	09
17-02-2022	T	4	11	86	28
16-02-2022	N	3	95	71	78
16-02-2022	T	2	06	94	19
15-02-2022	N	9	37	87	39
15-02-2022	T	3	79	84	79
14-02-2022	N	8	28	80	50
14-02-2022	T	2	46	30	14
13-02-2022	N	8	13	38	40
13-02-2022	T	7	32	86	13
12-02-2022	N	0	41	78	25
12-02-2022	T	5	19	64	36
11-02-2022	N	6	07	57	63
11-02-2022	T	8	87	59	80
10-02-2022	N	7	66	19	98
10-02-2022	T	7	33	43	60
09-02-2022	N	2	29	13	66
09-02-2022	T	4	65	20	22
08-02-2022	N	2	36	50	19
08-02-2022	T	3	35	21	64
07-02-2022	N	2	34	27	12
07-02-2022	T	1	00	24	18
06-02-2022	N	3	14	72	76
06-02-2022	T	5	06	03	51
05-02-2022	N	6	15	08	42
05-02-2022	T	1	87	45	00
04-02-2022	N	4	75	49	25
04-02-2022	T	4	62	24	59
03-02-2022	N	6	67	39	35
03-02-2022	T	1	26	16	47
02-02-2022	N	7	31	71	89
02-02-2022	T	5	98	28	86
01-02-2022	N	8	14	24	16
01-02-2022	T	1	29	93	55
31-01-2022	N	3	88	05	24
31-01-2022	T	2	24	11	75
30-01-2022	N	4	43	51	62
30-01-2022	T	7	77	47	95
29-01-2022	N	2	62	94	16
29-01-2022	T	9	93	27	06
28-01-2022	N	5	51	60	20
28-01-2022	T	4	70	56	96
27-01-2022	N	3	77	45	47
27-01-2022	T	0	85	49	55
26-01-2022	N	0	45	85	24
26-01-2022	T	1	98	17	98
25-01-2022	N	5	94	96	00
25-01-2022	T	9	29	55	14
24-01-2022	N	8	11	50	58
24-01-2022	T	3	33	92	27
23-01-2022	N	0	07	86	12
23-01-2022	T	3	29	74	12
22-01-2022	N	6	89	36	49
22-01-2022	T	9	12	00	85
21-01-2022	N	7	82	14	37
21-01-2022	T	4	70	12	92
20-01-2022	N	2	37	58	15
20-01-2022	T	9	92	04	33
19-01-2022	N	5	41	30	65
19-01-2022	T	0	00	78	15
18-01-2022	N	3	85	59	02
18-01-2022	T	1	36	79	33
17-01-2022	N	4	08	48	57
17-01-2022	T	7	38	54	42
16-01-2022	N	7	94	55	72
16-01-2022	T	4	32	92	58
15-01-2022	N	8	88	26	07
15-01-2022	T	7	26	46	61
14-01-2022	N	9	99	71	27
14-01-2022	T	3	12	37	31
13-01-2022	N	9	65	39	64
13-01-2022	T	6	64	08	35
12-01-2022	N	4	32	43	98
12-01-2022	T	9	89	03	79
11-01-2022	N	6	00	93	68
11-01-2022	T	3	75	00	88
10-01-2022	N	9	28	49	62
10-01-2022	T	7	34	37	26
09-01-2022	N	7	56	32	52
09-01-2022	T	6	55	24	06
08-01-2022	N	4	03	08	40
08-01-2022	T	1	63	22	99
07-01-2022	N	9	96	95	48
07-01-2022	T	9	18	81	38
06-01-2022	N	9	60	40	88
06-01-2022	T	0	12	23	29
05-01-2022	N	0	71	76	17
05-01-2022	T	6	70	76	62
04-01-2022	N	6	71	26	03
04-01-2022	T	6	99	48	63
03-01-2022	N	9	28	90	85
03-01-2022	T	7	41	51	44
02-01-2022	N	3	16	61	35
02-01-2022	T	6	10	64	92
01-01-2022	N	0	34	17	03
01-01-2022	T	8	25	02	18
